Date,Product_ID,Location_ID,Historic_Demand,Forward_Consumption,Backward_Consumption,On_Hand_Inventory,Lead_Time,Price,Promotions,Seasonality_Index,Weather_Impact,Competitor_Price,Supplier_Rating,Demand
1/1/2022,P004,L004,,80,157,172,14,30.55,1,0.67,0.87,40.62,4.1,85
1/2/2022,P005,L004,221,34,156,219,1,21.53,0,1.37,1.13,13.4,4.4,163
1/3/2022,P003,L004,98,,30,411,2,10.26,0,1.11,1.11,51.44,3.9,86.0 units
1/4/2022,P005,L004,,123,193,420,1,29.85,0,0.66,0.94,35.15,4.3,289
1/5/2022,P005,L004,252,125,64,192,11,21.43,0,1.46,0.95,25.73,3.7,63
1/6/2022,P002,L001,110,37,133,185,9,39.38,0,1.02,1.01,43.8,3.6,204
1/7/2022,P003,L004,244,93,52,435,9,10.96,1,0.57,0.8,20.84,4.2,172
1/8/2022,P003,L001,172,167,38,463,7,33.39,1,1.13,0.9,40.9,4,132
1/9/2022,P003,L004,183,67,63,217,10,47.66,0,0.75,0.88,10.83,4.2,208
1/10/2022,P005,L003,58,140,157,332,3,16.98,0,1.3,0.9,47.61,3.6,287
1/11/2022,P004,L002,55,141,33,298,13,28.87,1,1.32,1.12,29.62,3.7,
1/12/2022,P003,L001,122,110,187,305,5,13.66,1,1.48,0.91,38.29,3.2,151.0 units
1/13/2022,P005,L004,152,165,131,438,4,35.03,0,1,0.88,19.18,3.1,130
1/14/2022,P002,L003,272,133,104,246,7,32.02,1,0.95,1,40.15,3.5,132
1/15/2022,P004,L002,209,182,128,370,14,26.29,1,1.25,1.15,44.52,3.1,93
1/16/2022,P002,L001,90,102,101,486,9,30.86,1,0.63,0.9,30.77,3.2,117
1/17/2022,P004,L002,163,78,32,238,12,45.86,0,1.05,0.83,37.42,4.6,97
1/18/2022,P005,L003,253,65,171,280,2,17.85,1,1.05,0.94,29.99,3.1,106
1/19/2022,P001,L001,57,155,63,129,13,10.9,0,0.59,1.1,50.13,4.3,124
1/20/2022,P004,L002,121,97,74,156,8,44.47,0,0.92,1.02,31.9,3.5,71
1/21/2022,P002,L004,227,107,90,331,9,33.08,0,1.35,1.13,47.72,4.7,181
1/22/2022,P005,L001,141,134,112,245,10,45.63,0,1.36,1.18,45.86,4,258
1/23/2022,P004,L002,111,198,152,483,14,33.88,0,0.6,1.12,27.88,3.6,249
1/24/2022,P001,L003,133,151,131,147,10,42.41,1,0.59,1.04,19.58,4,95
1/25/2022,P001,L003,,148,45,293,9,27.19,0,0.76,1,27.68,3.8,236
1/26/2022,P003,L001,160,143,95,323,14,39.99,0,1.37,0.82,47.01,4.1,211
1/27/2022,P003,L002,176,,197,235,10,46.52,0,0.63,1.19,19.47,3.2,60
1/28/2022,P002,L001,56,,174,121,14,32.88,1,1.22,0.95,33.12,5,80
1/29/2022,P004,L001,252,193,148,105,7,17.23,1,0.6,0.86,46.08,3.9,188
1/30/2022,P004,L002,133,169,191,303,9,20.75,1,1.12,1.07,25.26,3.7,169
1/31/2022,P003,L002,257,120,153,338,9,17.95,1,0.86,0.91,38.54,4.4,295
2/1/2022,P004,L004,181,31,173,284,14,19.87,1,1.29,1.03,20.3,3.7,105
2/2/2022,P004,L002,183,147,131,459,3,22.26,1,0.73,1.03,14.03,4.7,87
2/3/2022,P001,L003,107,42,95,391,4,32.21,1,1.14,0.98,45.54,3.9,294.0 units
2/4/2022,P003,L001,71,189,42,434,2,33.52,0,0.74,1.13,13.55,4.4,70
2/5/2022,P005,L001,203,124,140,319,10,27.06,0,1.21,0.91,21.48,3.2,159
2/6/2022,P003,L003,176,173,188,215,3,34.62,1,1.37,0.98,48.34,4.7,143
2/7/2022,P005,L002,52,61,63,412,11,13.26,0,0.63,1.02,24.94,4.5,187.0 units
2/8/2022,P001,L003,176,61,68,148,11,13.51,0,1.37,1.07,53.76,3.4,203
2/9/2022,P002,L003,90,153,165,272,5,16.87,1,1.09,1.11,54.07,3.3,268
2/10/2022,P004,L004,Error,40,149,181,5,30.72,0,0.63,0.96,21.34,3.6,185
2/11/2022,P001,L003,155,39,155,421,6,18.56,0,0.93,1.06,10.88,5,280
2/12/2022,P004,L001,63,44,84,,13,21.33,1,0.66,0.86,41.43,3.5,57
2/13/2022,P002,L003,252,46,56,,7,26.01,0,1.2,1.17,29.75,3.9,237
2/14/2022,P002,L001,259,197,147,434,7,42.47,1,1.26,0.95,13.63,3.1,121
2/15/2022,P001,L001,295,175,82,,1,10.55,1,0.61,1.09,41.55,3.8,168
2/16/2022,P002,L001,61,182,68,320,14,35.98,0,1.01,0.81,10.43,4.1,83
2/17/2022,P005,L002,136,88,94,222,2,36.76,0,1.31,0.88,49.03,4.9,193
2/18/2022,P002,L004,61,107,174,333,12,41.95,0,1.44,0.99,15.38,4,154
2/19/2022,P004,L001,190,153,187,320,9,47.31,1,1.01,1.15,14.86,4.6,190
2/20/2022,P004,L001,74,143,42,422,10,10.81,1,1.45,1.01,17.08,4.1,136
2/21/2022,P004,L002,94,51,50,438,2,16.15,1,1.04,1.17,53.17,3.1,253
2/22/2022,P004,L001,292,187,176,102,6,45.45,0,0.89,0.99,40.89,3.6,268.0 units
2/23/2022,P005,L003,171,61,82,281,11,28.34,0,1.35,1,45.86,4.2,199
2/24/2022,P003,L003,196,142,48,305,11,32.58,1,0.99,0.85,27.29,4.9,273
2/25/2022,P001,L004,104,149,86,419,1,36.52,0,0.97,1.12,24.47,4.7,298
2/26/2022,P004,L001,287,178,54,139,3,37.16,0,0.99,0.9,19.79,3.5,290
2/27/2022,P002,L002,149,151,60,158,2,47.27,1,1.35,1.16,31.11,3.4,204
2/28/2022,P004,L003,222,61,110,161,3,49.88,1,1.33,1.16,34.38,3.4,113
3/1/2022,P002,L002,185,,52,231,5,38.81,0,0.9,1.18,38.06,4.8,51
3/2/2022,P002,L002,270,68,61,159,11,21.49,1,0.83,1.01,20.83,4.7,158
3/3/2022,P004,L003,168,41,103,471,10,45.19,0,0.99,1.07,52.64,4.5,274
3/4/2022,P005,L002,102,47,39,430,6,11.97,1,1.07,1.11,16.81,3.8,75
3/5/2022,P002,L003,232,178,83,,9,19.24,1,0.74,0.85,53.42,4,269
3/6/2022,P002,L002,81,170,81,206,12,45.9,1,1.29,1.04,9.68,3.9,132
3/7/2022,P004,L003,100,178,177,195,11,20.25,0,0.99,0.81,31.13,3.5,156
3/8/2022,P002,L001,Error,155,189,446,10,18.83,0,0.83,1,24.33,4,118
3/9/2022,P002,L004,131,,143,334,12,15.53,1,0.61,0.86,29.66,3.1,146
3/10/2022,P004,L003,247,75,43,485,12,44.36,1,0.74,0.87,35.25,3.3,261
3/11/2022,P004,L003,195,133,185,,13,30,1,1.45,0.95,29.04,4.8,79
3/12/2022,P001,L004,260,164,139,355,4,37,0,0.81,0.97,28.08,4.5,286
3/13/2022,P005,L003,,180,82,148,7,19.56,1,0.67,1.05,42.71,3.8,57
3/14/2022,P005,L003,86,115,181,492,6,40.32,1,0.96,0.83,40.55,4,87
3/15/2022,P002,L002,145,179,108,447,2,40.4,1,0.81,1,47.33,3.7,238
3/16/2022,P005,L004,105,118,51,258,10,22.5,1,0.54,0.87,20.5,4.5,130
3/17/2022,P002,L001,154,51,59,223,11,26.43,0,0.82,1.03,37.04,4.6,157
3/18/2022,P001,L003,108,121,33,416,11,18.39,0,1.04,1.05,35.92,4.5,114
3/19/2022,P004,L004,180,58,88,306,11,49.06,1,1.05,1.02,26.01,4.4,
3/20/2022,P004,L002,205,42,37,147,8,35.82,0,0.86,1.1,31.36,3.4,223
3/21/2022,P004,L001,251,31,41,235,7,47.38,0,0.95,0.93,23.43,3.7,
3/22/2022,P005,L004,292,58,148,300,7,22.14,0,1.47,1.11,15.52,3.9,144
3/23/2022,P001,L001,84,56,188,349,14,41.28,1,0.88,0.97,18.83,3.7,121
3/24/2022,P005,L001,238,,63,413,8,40.63,0,0.76,0.99,13.85,4.5,92
3/25/2022,P005,L001,142,124,111,456,12,37.67,0,0.74,1.06,40.42,3.7,236
3/26/2022,P001,L003,231,180,127,467,12,48.63,0,0.96,0.81,39.39,3.3,95.0 units
3/27/2022,P001,L003,240,117,156,417,13,25.74,1,1.26,1.06,52.73,3.8,249
3/28/2022,P001,L002,256,73,104,394,14,15.23,1,0.71,1.05,42.57,5,174
3/29/2022,P001,L002,146,,134,413,11,36.87,0,1.21,0.92,11.39,3.5,212
3/30/2022,P004,L004,184,194,78,,1,39.17,0,0.52,0.83,49.68,4.2,88
3/31/2022,P003,L002,125,126,108,454,13,33,1,0.92,0.84,48.68,3.9,269
4/1/2022,P003,L001,98,32,122,310,1,18.27,1,1.28,1.17,29.39,3.1,100
4/2/2022,P001,L001,143,147,183,291,8,30.18,0,0.84,1.08,35.95,4,53
4/3/2022,P003,L003,262,48,47,143,4,22.49,0,1.06,0.85,53.9,4.4,170
4/4/2022,P003,L001,208,52,125,128,5,27.1,1,0.7,0.94,33.49,4,129
4/5/2022,P001,L004,235,186,67,158,8,35.81,1,1.24,1.04,50.64,4.7,126
4/6/2022,P003,L001,238,59,116,170,5,39.81,0,0.55,1.13,12.82,3.6,261
4/7/2022,P005,L001,73,68,117,191,10,19.29,1,1.35,0.82,17.79,3.2,228
4/8/2022,P002,L004,197,137,79,,4,26.21,0,0.7,0.89,29.27,4.9,182
4/9/2022,P002,L002,Error,140,37,482,12,20.77,0,1.37,1.16,35.9,3.8,104
4/10/2022,P001,L002,53,54,198,319,6,17.95,0,0.85,0.8,46.55,4.2,278
4/11/2022,P004,L004,269,,163,,13,41.34,1,1.22,0.88,54.46,4.6,69
4/12/2022,P001,L003,157,140,98,,12,46.37,0,0.82,1.18,26.89,3.6,201
4/13/2022,P004,L001,175,165,150,314,5,24.81,0,1.41,1.05,11.18,4.4,213
4/14/2022,P002,L004,69,135,93,486,14,40.05,1,0.63,0.9,45.85,3.3,83
4/15/2022,P001,L001,237,173,186,376,7,45.88,1,0.68,0.83,36.8,3.6,171
4/16/2022,P005,L003,201,101,185,163,14,43.84,0,0.99,0.81,18.13,3.3,158
4/17/2022,P003,L001,99,158,168,445,10,17.31,0,0.58,0.9,31.76,4.6,175
4/18/2022,P004,L004,226,137,150,391,7,48.25,1,0.7,1.15,43.15,3.4,289
4/19/2022,P003,L001,228,34,94,344,13,25.07,1,1.44,0.97,44.44,4.4,103
4/20/2022,P003,L002,145,32,136,161,4,23.57,1,1.48,1.09,31.98,4.9,211
4/21/2022,P001,L003,154,161,176,431,12,12.5,0,0.88,1.17,23.04,4.1,260
4/22/2022,P003,L003,213,133,166,269,13,29.45,0,1.42,0.96,53.79,4.1,194
4/23/2022,P005,L003,299,93,184,368,5,14.36,0,1.04,0.88,39.51,3.9,182
4/24/2022,P003,L004,166,135,191,366,13,19.94,1,0.77,1.01,27.78,3.7,138.0 units
4/25/2022,P001,L003,147,127,129,153,3,22.68,0,1.2,1.16,21.9,4,195
4/26/2022,P005,L002,277,39,111,115,4,42.35,1,1.16,1.12,42.63,4.2,232
4/27/2022,P002,L004,115,178,172,107,14,45.02,0,1.49,0.83,20.14,5,102
4/28/2022,P003,L002,128,157,80,203,4,22.1,1,0.77,1.08,16.9,4.9,99
4/29/2022,P001,L001,211,75,170,158,3,44.35,0,1.17,1.03,33.37,4.7,121
4/30/2022,P002,L001,213,184,112,412,13,44.29,0,0.55,1.16,22.34,4.8,268
5/1/2022,P002,L001,55,95,141,139,10,40.59,1,0.61,0.85,37.93,3.9,256.0 units
5/2/2022,P004,L001,88,198,85,336,5,15.87,1,0.5,1.01,14.43,4.3,222
5/3/2022,P005,L002,219,141,194,485,5,37.61,0,1.5,1.15,39.13,4.8,190
5/4/2022,P003,L004,292,42,174,193,11,47.8,1,1.3,0.96,22.03,3.8,65
5/5/2022,P001,L004,164,166,186,321,7,37.3,1,1.29,0.99,9.01,4.9,263.0 units
5/6/2022,P004,L003,235,,190,303,4,23.26,0,1.01,0.83,14.84,3.8,261
5/7/2022,P005,L002,295,115,89,237,13,30.02,1,0.8,0.91,51.95,4.2,62
5/8/2022,P004,L001,174,,149,399,4,35.83,0,0.65,0.93,48.9,4.4,69
5/9/2022,P005,L002,61,87,167,494,9,30.42,0,0.78,1.18,19.75,4.9,115
5/10/2022,P005,L003,180,,52,306,6,14.8,1,0.88,0.91,44.81,3.5,276
5/11/2022,P003,L003,286,41,178,435,4,22.48,1,1.26,0.98,36.99,4.5,96.0 units
5/12/2022,P005,L002,67,43,42,180,2,42.1,0,1.04,1.07,53.66,4,nan units
5/13/2022,P004,L002,89,150,130,317,6,44.46,0,0.58,0.86,26.19,3.5,196
5/14/2022,P005,L002,70,191,190,101,2,15.49,0,0.52,0.99,40.35,4.6,222
5/15/2022,P003,L004,192,150,53,277,5,48.1,0,0.6,1.1,11.92,4.1,214
5/16/2022,P003,L001,274,49,137,495,6,23.15,0,0.91,1.15,27.23,4.3,171
5/17/2022,P004,L002,148,104,40,470,4,36.49,0,1.43,1.05,53.34,3.6,103
5/18/2022,P002,L002,75,173,46,445,14,40.07,1,1.14,1.07,33.79,4,55.0 units
5/19/2022,P002,L002,57,99,54,378,13,42.48,1,1.3,0.85,22.24,4.2,63
5/20/2022,P005,L003,149,,123,245,3,47.83,1,0.97,1.18,14.53,3.8,181
5/21/2022,P001,L003,289,130,50,417,7,22.52,0,0.86,0.85,41.36,3.4,135
5/22/2022,P005,L004,271,161,113,323,2,44.34,1,0.61,1.11,38.66,4.9,292
5/23/2022,P004,L001,136,140,169,468,13,15.27,0,1.38,0.91,26.2,4,232
5/24/2022,P004,L004,91,154,66,483,11,38.2,0,1.28,1.17,52.74,4.5,
5/25/2022,P004,L001,221,161,71,161,14,39.68,1,0.67,1.09,10.02,3.8,277
5/26/2022,P004,L003,63,49,174,393,6,37.11,0,1.01,1.1,22.97,3.7,211
5/27/2022,P004,L003,127,167,130,338,13,20.09,0,0.99,0.89,51.37,3.8,76
5/28/2022,P003,L003,51,53,77,294,4,44.92,0,1.13,0.98,23.76,3.8,
5/29/2022,P002,L004,168,183,132,265,6,16.75,0,1.45,1.05,20.6,4.1,180
5/30/2022,P004,L002,86,66,57,321,4,12.15,0,1.08,1.11,33.57,4.1,224
5/31/2022,P001,L002,118,83,70,160,4,38.7,0,1.04,0.84,46.89,4,274.0 units
6/1/2022,P001,L003,215,132,128,228,4,29.02,1,0.55,1.18,13.74,3.3,51
6/2/2022,P001,L002,286,178,76,272,9,43.96,0,0.56,1.16,52.38,4,283
6/3/2022,P001,L002,90,67,175,255,7,25.34,0,0.69,0.91,45.57,3.3,129
6/4/2022,P003,L004,111,33,134,477,3,16.73,0,0.53,1.13,17.34,3.3,202
6/5/2022,P001,L001,295,86,153,209,3,43.46,0,1.24,1.01,41.75,4.9,109
6/6/2022,P004,L003,109,49,42,368,6,31.96,1,1.22,0.98,26.71,4.2,256
6/7/2022,P005,L003,174,46,170,455,6,17.57,1,0.64,0.93,27.51,4.3,73
6/8/2022,P001,L004,160,148,129,490,4,38.82,0,1.34,1.03,45.03,3.8,64
6/9/2022,P003,L004,63,100,60,377,9,30.44,0,0.65,1.09,53.29,4.8,144
6/10/2022,P003,L002,297,33,159,173,4,34.17,0,0.8,0.96,14.83,4.3,191
6/11/2022,P001,L003,280,43,45,306,9,28.44,1,0.75,1.05,28.35,4.5,231
6/12/2022,P005,L001,266,32,166,487,4,43.15,1,0.87,1.08,31.12,3.7,255
6/13/2022,P001,L004,133,109,102,378,2,43.18,1,0.75,1.08,26.31,4.9,183
6/14/2022,P003,L001,179,84,195,474,2,38.38,1,0.99,0.82,25.71,4.6,255.0 units
6/15/2022,P002,L001,280,161,83,425,5,14.22,0,0.91,1.14,11.4,4.7,130
6/16/2022,P004,L003,119,149,129,439,4,43.55,1,1.49,0.98,40.53,3.3,67
6/17/2022,P003,L003,194,53,138,456,7,36.84,1,0.56,0.9,29.07,3.5,69
6/18/2022,P001,L004,172,191,116,439,14,37.88,0,0.64,0.9,17.96,3.6,164
6/19/2022,P004,L003,138,187,191,303,11,24.52,0,0.55,0.99,46.54,3.5,239
6/20/2022,P001,L003,298,111,166,260,5,45.17,1,1.13,1.15,45.92,4.7,258
6/21/2022,P001,L003,77,176,37,127,6,39.01,1,0.55,0.95,31.37,3.1,257
6/22/2022,P002,L001,115,188,36,491,10,14.5,1,1.34,1.1,22.73,3.2,89.0 units
6/23/2022,P004,L004,212,89,65,356,4,26.31,1,1.01,0.84,38.35,3.5,88
6/24/2022,P004,L002,,176,47,264,13,45.46,0,1.03,0.99,22.25,3.4,229
6/25/2022,P002,L001,54,78,32,,12,11.89,0,1.06,1.2,19.86,3.5,81
6/26/2022,P003,L003,242,92,57,121,2,48.46,1,0.67,1.11,42.6,4.6,173
6/27/2022,P001,L001,217,139,99,169,13,37.17,1,0.7,0.88,10.85,4.1,157
6/28/2022,P005,L003,253,179,178,480,10,35.26,1,0.82,1,13.36,3,250
6/29/2022,P001,L003,233,181,57,195,9,20.82,1,1.09,0.89,9.31,3.9,76
6/30/2022,P001,L001,213,138,83,262,10,19.95,1,0.71,0.96,16.04,3.8,159
7/1/2022,P003,L004,94,105,94,178,7,47.68,0,0.62,1.11,12.17,3.2,229
7/2/2022,P001,L003,200,59,129,104,4,21.93,0,1.47,1.11,54.81,4.4,146
7/3/2022,P002,L004,96,87,50,415,3,41.02,0,0.52,0.89,22.29,4.4,240
7/4/2022,P002,L002,80,146,42,219,10,25.72,1,1.3,1.17,15.87,4.4,123
7/5/2022,P004,L003,188,188,86,401,14,15.57,1,1.29,1.04,20.09,4.5,240
7/6/2022,P005,L004,59,129,78,277,3,10.43,0,0.8,0.95,52.06,3,66
7/7/2022,P001,L004,244,48,147,275,9,31.77,0,0.64,1,32.93,4.9,290
7/8/2022,P001,L002,167,123,83,489,5,49.03,1,0.65,1.04,25.78,4.6,98
7/9/2022,P003,L004,63,142,167,316,13,24.77,0,1.2,1.02,49.18,4.8,277.0 units
7/10/2022,P002,L004,129,175,82,,3,24.29,1,1.14,0.99,27.17,3,130
7/11/2022,P005,L002,251,92,73,465,5,23.76,1,1.28,1,24.41,4.9,259
7/12/2022,P004,L003,142,145,76,286,2,30.82,0,1.44,0.87,18.53,4.6,
7/13/2022,P002,L004,59,142,82,331,11,27.63,0,1.19,1.13,26.38,4.7,72
7/14/2022,P004,L004,125,76,103,354,4,45.2,0,0.66,1.02,23.57,3.2,147
7/15/2022,P003,L004,143,86,75,203,10,30.22,1,0.74,0.85,40.16,4.5,121
7/16/2022,P003,L001,154,147,42,176,2,30.31,1,1.34,1.11,22.32,4.9,
7/17/2022,P001,L002,50,74,194,329,2,15.53,0,0.71,1.17,35.55,4.4,nan units
7/18/2022,P005,L001,182,190,131,357,12,49.31,1,0.57,1.18,12.03,4.1,106
7/19/2022,P004,L002,69,174,53,363,8,20,1,1.2,0.95,17.8,4.9,239
7/20/2022,P002,L003,57,33,31,,1,12.93,1,0.9,0.85,27.74,3.9,231
7/21/2022,P003,L003,220,177,110,281,14,36.53,0,1.42,1.01,52.1,4.2,197
7/22/2022,P001,L004,253,76,129,480,7,33.81,1,1.15,0.85,26.35,4,135
7/23/2022,P001,L002,50,172,171,355,5,26.61,0,0.59,1.17,39.55,4.9,288
7/24/2022,P004,L003,106,76,167,137,11,26.89,0,1.45,0.87,20.73,3.2,229
7/25/2022,P003,L002,113,,192,275,8,41.4,1,0.76,0.9,14.84,4,72
7/26/2022,P005,L003,,153,182,126,1,17.83,0,0.84,0.96,11.69,4.4,154
7/27/2022,P003,L001,261,104,160,,11,42.81,1,0.9,0.95,23.05,4.6,212
7/28/2022,P004,L003,77,132,140,239,7,35.95,0,0.55,1.12,16.25,4.2,116
7/29/2022,P004,L001,170,166,131,398,5,26.76,0,1,0.98,17,4.8,83.0 units
7/30/2022,P003,L003,156,119,46,386,4,28.32,1,0.62,0.87,43.99,4.9,82
7/31/2022,P004,L004,214,173,41,,7,20.27,0,0.9,0.91,9.73,3.1,95.0 units
8/1/2022,P003,L001,224,98,145,160,10,40.08,0,0.85,1,34.66,3.8,130
8/2/2022,P002,L003,278,90,53,464,2,30.51,0,1.27,0.86,26.46,3,222
8/3/2022,P003,L004,253,167,58,446,12,22.83,1,1.3,1.04,32.3,3.7,196
8/4/2022,P003,L001,214,79,182,262,1,33.84,1,0.65,1.03,34.89,4.1,271
8/5/2022,P004,L004,98,32,151,450,1,49.83,0,0.87,1.09,23.41,4.8,136
8/6/2022,P004,L002,290,136,119,242,11,27.41,0,0.87,1.18,22.58,4.7,64
8/7/2022,P001,L002,169,142,94,499,12,46.83,0,0.65,1.16,42.74,3.3,172
8/8/2022,P001,L001,93,123,113,352,1,23.8,1,1.3,1.18,49.08,3.2,170
8/9/2022,P002,L003,105,147,148,368,12,12.19,1,1.21,0.9,17.86,4.2,127
8/10/2022,P001,L001,205,110,185,468,5,18.17,0,0.69,0.85,13.49,4.1,
8/11/2022,P003,L004,160,138,45,390,10,26.75,1,0.87,0.92,50.3,3.5,88
8/12/2022,P004,L003,256,80,133,286,7,18.79,1,0.61,1.16,25.1,4.8,290
8/13/2022,P001,L002,183,176,121,403,2,10.01,1,1.13,1.19,34.36,4.9,67.0 units
8/14/2022,P001,L003,157,199,56,390,10,46.6,1,0.62,1.14,25.54,3.8,247
8/15/2022,P002,L002,238,64,199,185,8,43.76,0,1.49,0.84,14.79,4.8,236
8/16/2022,P002,L003,197,75,191,,4,39.69,1,1.28,1.18,36.11,3.8,209
8/17/2022,P003,L003,163,183,194,213,12,16.71,1,0.89,0.97,33.16,4.5,70.0 units
8/18/2022,P004,L003,127,98,163,455,3,14.81,0,1.08,0.8,18.34,4,217
8/19/2022,P002,L004,179,122,164,282,10,12.7,0,1.41,0.98,29.79,3.2,269
8/20/2022,P001,L004,250,93,182,306,11,38.96,1,1.05,0.82,45.66,4.9,76
8/21/2022,P004,L001,,194,62,355,8,47.15,1,0.67,1.02,36.16,3.9,51
8/22/2022,P004,L001,69,78,84,334,2,27.22,0,0.88,0.94,13.46,4.5,146
8/23/2022,P001,L002,75,178,36,454,11,14.77,0,1.34,0.99,34.21,3.7,257
8/24/2022,P002,L004,78,103,86,102,11,30.5,0,1.14,1.05,41.33,3,88
8/25/2022,P001,L002,50,34,155,,13,23.95,1,1.15,1.15,45.46,3.2,
8/26/2022,P004,L001,168,129,41,296,3,24.99,1,1.37,1.06,37.94,4,105
8/27/2022,P005,L002,,99,45,440,12,34.85,0,1.39,0.97,16.02,4.4,156
8/28/2022,P005,L001,247,119,72,224,3,38.75,1,1.42,1.13,41.67,3.7,176
8/29/2022,P003,L004,278,33,146,237,10,14.42,0,0.59,1.16,40.16,4.4,288
8/30/2022,P001,L003,294,155,164,438,11,11.42,1,1.04,0.85,10.12,4.4,62
8/31/2022,P001,L004,108,68,140,124,1,49.77,0,1.24,1.01,27.94,4.4,
9/1/2022,P003,L002,118,192,80,167,6,19.31,0,1.26,0.91,24.32,4,233
9/2/2022,P003,L002,210,158,189,160,2,12.15,1,1.11,0.82,39.79,4.8,243
9/3/2022,P003,L004,290,53,104,128,1,17.6,1,0.67,1.07,18.94,4,255
9/4/2022,P004,L004,228,86,37,482,2,11.56,1,1.3,1.15,36.18,3.9,105.0 units
9/5/2022,P001,L001,255,129,74,118,12,25.67,1,1.22,0.87,51.01,3.4,279
9/6/2022,P004,L002,61,99,88,270,6,42.1,1,0.59,1.12,45.7,3.6,282
9/7/2022,P003,L002,283,70,161,173,14,23.65,1,0.96,1.14,51.39,3.1,77
9/8/2022,P001,L004,Error,89,133,160,4,27.77,0,0.67,1.17,54.01,4.3,113
9/9/2022,P004,L003,230,137,186,252,6,37.02,1,0.84,0.91,9.49,3.5,120
9/10/2022,P004,L002,291,86,186,375,12,30.36,0,0.52,1.16,37.65,3.6,259
9/11/2022,P003,L003,265,60,127,147,9,44.46,0,0.9,0.93,27.99,4.5,241
9/12/2022,P001,L004,92,113,185,310,13,44.64,1,1.05,1.02,48.55,3.7,233
9/13/2022,P003,L004,175,181,108,442,10,10.4,0,1.12,0.82,20.58,3.5,218
9/14/2022,P001,L001,,65,153,238,12,41.12,0,1.16,0.82,54.13,3.3,168
9/15/2022,P005,L002,266,187,33,209,10,28.43,1,1.34,1.09,37.23,4.5,149
9/16/2022,P002,L003,99,181,119,282,8,49.55,1,0.72,0.98,45.5,3.3,90.0 units
9/17/2022,P002,L001,78,137,133,127,1,29.33,1,0.62,0.9,12.94,3.9,277
9/18/2022,P002,L002,234,135,166,296,13,49.48,0,1.35,0.88,17.44,4,285
9/19/2022,P003,L001,88,187,148,290,8,40.18,1,0.66,1.07,43.89,4.4,53
9/20/2022,P005,L004,272,115,162,414,9,19.94,1,1.47,0.8,10.01,4.3,234.0 units
9/21/2022,P001,L002,233,164,85,488,6,31.54,1,1.34,1.12,46.58,4.6,207
9/22/2022,P004,L001,288,,125,150,10,49.69,1,1,0.83,9.64,3.1,137
9/23/2022,P001,L001,220,43,104,248,5,44.3,0,1.48,0.88,39.23,3.6,133
9/24/2022,P004,L003,227,149,172,367,6,13.89,1,0.6,0.95,25.79,3.6,95
9/25/2022,P001,L001,200,167,61,149,13,38.25,0,0.8,0.99,37.13,3.3,233
9/26/2022,P005,L002,221,109,57,487,6,23.82,1,1.14,0.94,41.02,3.6,208.0 units
9/27/2022,P004,L002,87,173,51,345,9,10.28,0,0.85,0.93,24.75,3.6,137
9/28/2022,P003,L003,133,135,46,212,4,26.14,0,1.43,1.19,13.97,4,56
9/29/2022,P001,L002,200,99,88,269,2,19.39,0,0.57,1.06,12.2,4.3,267
9/30/2022,P001,L004,177,73,119,265,11,42.75,1,1.05,0.81,36.09,3.8,126
10/1/2022,P004,L002,175,102,135,113,11,23.49,0,1.09,0.97,32.95,4.4,
10/2/2022,P003,L002,94,74,55,302,9,43.1,1,1.15,1.15,43.14,3.7,185
10/3/2022,P003,L001,101,136,54,387,2,10.02,1,0.76,0.92,32.45,3.6,232
10/4/2022,P005,L001,129,113,167,494,10,22.31,1,0.86,0.84,28.43,4.1,246
10/5/2022,P003,L002,227,111,74,288,9,19.65,1,1.34,1.1,27.31,3,221
10/6/2022,P003,L003,283,136,112,254,2,19.34,1,0.69,1.04,10.22,3.2,190
10/7/2022,P003,L001,173,50,40,,12,12.73,0,1.33,1.03,24.44,3.8,142
10/8/2022,P002,L003,168,190,133,281,8,17.48,1,1.06,0.82,53.9,4.9,69
10/9/2022,P005,L002,57,36,97,309,9,32.22,0,1.26,0.86,49.18,4.4,127
10/10/2022,P001,L002,,99,124,475,12,21.65,0,1.21,1.05,24.15,3.2,209
10/11/2022,P004,L004,134,156,185,174,10,26.7,0,0.71,0.88,36.04,4.7,237
10/12/2022,P001,L001,178,172,94,,9,25.07,0,1.07,1,47.98,4.5,227
10/13/2022,P005,L002,296,189,78,232,10,45.04,0,1.37,1.02,29.3,4.2,76
10/14/2022,P004,L004,57,177,81,442,9,46.21,0,0.93,0.91,9.83,4.6,169
10/15/2022,P005,L001,206,172,131,158,2,29.72,0,1.47,1.18,12.43,3.8,74
10/16/2022,P003,L002,145,178,86,444,4,23.21,1,0.95,1.14,32.48,3.4,101
10/17/2022,P004,L002,151,199,76,281,7,14.27,0,0.64,1.09,53.59,4,245
10/18/2022,P003,L001,54,183,188,438,12,48.14,1,0.89,0.83,40.89,4.1,70
10/19/2022,P001,L001,288,149,55,420,2,12.41,0,1.45,0.84,12.26,4.1,67
10/20/2022,P001,L001,135,157,143,163,1,21.91,0,0.82,1,17.71,4.1,88
10/21/2022,P004,L002,224,171,34,426,3,21.92,0,1.37,0.86,44.48,4.9,64
10/22/2022,P004,L002,83,86,113,359,12,22.82,0,1.38,1.19,47.71,4.8,102
10/23/2022,P005,L004,242,194,81,292,4,16.57,1,0.85,0.86,37.41,4.8,87
10/24/2022,P005,L003,104,87,134,,8,41.33,1,0.58,0.99,38.64,4.6,225
10/25/2022,P003,L001,168,50,83,203,6,14.9,1,1.22,0.95,10.3,4.9,101.0 units
10/26/2022,P004,L002,267,111,190,313,11,35.4,0,0.81,1.06,47.11,3.2,265
10/27/2022,P001,L002,220,98,195,341,2,14.95,0,1.28,0.85,45.26,3.5,121
10/28/2022,P005,L001,251,160,184,308,9,12.82,0,0.94,0.97,20.92,4,77
10/29/2022,P005,L003,207,116,44,192,14,46.38,1,0.99,0.91,41.6,4.7,262.0 units
10/30/2022,P001,L001,163,194,90,241,2,17.61,0,1.28,1.16,18.88,4,193
10/31/2022,P005,L003,259,,151,211,13,42.85,1,0.88,0.82,10.86,4.5,167
11/1/2022,P003,L002,194,176,50,474,12,31.79,1,0.94,1.17,18.25,3.3,193
11/2/2022,P004,L003,75,Unknown,75,158,5,13.11,0,0.88,1.13,17.22,3.5,84
11/3/2022,P001,L004,185,118,163,142,12,48.22,0,0.87,0.92,24.54,4.5,194
11/4/2022,P004,L002,96,114,67,306,4,19.88,1,1.03,1.12,28.25,3.3,250
11/5/2022,P005,L004,281,157,91,367,13,44.39,1,1.31,0.81,32.39,3.7,298
11/6/2022,P005,L001,162,169,115,,7,16.75,1,0.86,1.19,30.93,3.5,148
11/7/2022,P001,L001,125,198,107,217,8,44.16,0,1.02,1.01,21.45,3.7,101
11/8/2022,P003,L001,268,190,75,119,5,10.53,0,1.17,0.92,10.34,4.4,270
11/9/2022,P002,L003,121,146,170,321,10,30.47,0,0.77,0.95,36.83,3.7,280
11/10/2022,P001,L002,138,156,32,265,14,40.78,0,0.78,0.83,27.2,4.1,259
11/11/2022,P002,L001,95,,35,230,14,47.39,0,1.43,1.2,22.74,3.2,
11/12/2022,P002,L001,245,115,122,255,5,46.37,0,1.22,0.82,48.88,4.6,132
11/13/2022,P003,L002,,62,37,283,2,42.78,1,1.08,1.06,43.35,3.7,97
11/14/2022,P002,L001,50,110,137,189,8,45.53,1,1.15,0.98,48.46,4.3,71
11/15/2022,P002,L004,196,181,190,193,14,17.97,1,0.53,1.18,31.77,4.5,172
11/16/2022,P003,L002,80,90,104,112,2,21.37,0,1.12,0.9,15.02,3.4,297
11/17/2022,P002,L002,257,,106,421,10,21.56,1,1.01,1.01,41.03,4.8,176
11/18/2022,P002,L002,191,127,79,392,12,25.08,0,1.05,0.99,18.48,4.2,226
11/19/2022,P002,L004,102,57,40,329,6,25.73,0,0.86,1.08,29.3,3.9,101
11/20/2022,P001,L002,97,72,124,421,8,31.78,1,0.58,0.83,11.99,3.4,
11/21/2022,P001,L004,118,198,185,391,6,16.4,0,0.69,0.88,46.96,4.9,178
11/22/2022,P001,L002,154,196,99,,4,37.65,1,1.45,0.89,14.79,4.5,115
11/23/2022,P003,L003,139,115,198,174,13,16.7,1,0.91,1.1,50.54,3.4,113
11/24/2022,P005,L001,239,46,45,463,4,22.41,0,0.97,0.88,48.75,3.7,57
11/25/2022,P002,L003,269,127,97,398,6,30.13,1,0.55,1.03,30.37,4.6,263
11/26/2022,P002,L001,243,127,128,249,14,41.86,1,0.54,0.89,43.24,4.4,74
11/27/2022,P003,L004,291,94,77,247,13,39.58,1,1.22,1.14,37.49,4.5,243
11/28/2022,P002,L003,241,103,93,107,4,35.82,1,1.04,1.18,45.94,3.9,292
11/29/2022,P001,L002,247,114,119,128,8,16.23,0,1.01,1.01,28.86,4.4,250.0 units
11/30/2022,P005,L001,112,34,105,395,9,31.88,1,0.74,0.94,45.15,3.8,250
12/1/2022,P004,L001,122,31,168,308,1,13.5,1,1.24,0.89,30.27,3.4,254
12/2/2022,P002,L003,210,51,130,227,13,25.09,1,0.67,0.82,52.28,4.3,247
12/3/2022,P001,L004,218,141,118,439,4,26.54,0,0.69,0.91,31.37,5,
12/4/2022,P004,L003,138,86,47,215,4,11.59,1,0.96,1.06,30.28,3.6,256.0 units
12/5/2022,P005,L004,225,95,48,243,2,20.96,0,0.79,1.01,45.11,3.9,228
12/6/2022,P004,L004,62,103,84,417,6,48.23,1,0.75,1.18,46.79,4.3,230
12/7/2022,P001,L001,122,127,131,334,3,48.15,1,1.15,0.96,34.51,4.1,
12/8/2022,P004,L003,294,173,147,106,7,24.09,1,1.15,1.08,17.27,4.7,227
12/9/2022,P003,L003,126,141,183,144,13,11.72,0,1.32,1,30.52,4.5,248
12/10/2022,P004,L004,208,154,163,338,11,17.16,0,0.92,1.01,53.53,3.1,171
12/11/2022,P002,L003,282,196,33,254,11,25.69,0,0.57,0.91,43.64,5,124
12/12/2022,P002,L002,252,115,137,280,5,47.91,0,0.77,0.98,46.31,4.5,153
12/13/2022,P003,L002,117,105,144,314,4,15.65,0,1.48,0.99,10.51,4.7,87
12/14/2022,P001,L003,147,117,58,187,5,40.54,0,1.1,1.08,30.52,4.3,217.0 units
12/15/2022,P002,L003,174,197,88,355,8,14.35,1,1.21,1.18,38.74,4.7,243
12/16/2022,P005,L004,151,67,154,172,3,49.25,0,0.51,0.93,47.18,3.2,164
12/17/2022,P002,L002,287,88,127,278,14,25.26,1,1.02,0.82,11.27,3.7,289
12/18/2022,P002,L002,181,167,46,311,7,41.01,0,0.54,1,48.21,4.8,88.0 units
12/19/2022,P001,L001,151,128,136,392,14,23.7,0,1.07,1.02,34.23,3.4,251
12/20/2022,P004,L004,68,92,72,333,6,35.11,0,1.42,0.87,18.08,3.2,157
12/21/2022,P002,L001,247,78,109,338,12,17.68,1,1.47,1.1,23.59,4.6,66
12/22/2022,P003,L002,275,61,191,322,1,15.84,0,1.04,1.19,21.97,4.7,
12/23/2022,P004,L004,131,164,37,218,13,47.52,0,0.96,1.18,33.42,3.3,167.0 units
12/24/2022,P005,L003,190,50,170,412,7,46.71,1,1.45,0.88,11.38,4.7,281
12/25/2022,P001,L004,282,49,135,363,14,45.5,1,1.17,1.15,16.29,4.4,88
12/26/2022,P005,L003,72,183,37,306,13,35.02,1,0.56,1.08,46.38,4,245
12/27/2022,P004,L003,132,156,125,194,7,42.33,1,0.97,0.98,15.1,4.7,84
12/28/2022,P004,L004,158,97,123,472,14,12.76,0,0.74,1.02,19.74,3.8,100
12/29/2022,P004,L003,124,139,94,321,12,23.39,1,0.97,1.14,29.86,3.4,96
12/30/2022,P005,L001,,145,68,465,1,22.55,0,0.96,0.99,32.79,3.6,85
12/31/2022,P004,L002,137,172,110,375,9,35.43,0,1.08,0.95,44.13,4,113
1/1/2023,P005,L003,103,149,113,479,6,24.24,1,0.86,1,29.58,4.1,144
1/2/2023,P004,L001,248,108,117,330,12,15.94,0,0.66,1.03,45.33,4.6,266
1/3/2023,P003,L003,138,145,115,408,2,33.86,1,1,0.88,37.44,4.6,154
1/4/2023,P004,L002,262,121,122,218,5,42.58,0,1.33,1.16,14.2,4.2,62
1/5/2023,P005,L001,192,43,115,367,13,25.28,1,1.16,1.07,16.19,4.6,195
1/6/2023,P002,L002,114,184,73,372,11,15.29,1,0.84,1.05,29.1,3.4,198.0 units
1/7/2023,P004,L002,125,154,166,163,4,17.87,1,1.44,0.84,27.26,3.1,161
1/8/2023,P002,L001,299,197,194,397,7,19.5,1,1.41,1.04,43.2,4.7,114
1/9/2023,P003,L001,248,87,103,449,8,22,1,0.71,0.85,35.71,3.2,277
1/10/2023,P001,L001,192,57,65,110,11,35.71,1,0.54,0.83,26.85,3.5,291
1/11/2023,P003,L004,198,55,130,197,14,34.04,0,1.24,1.01,16.85,4.4,57
1/12/2023,P004,L001,196,,185,170,11,37.84,0,1.33,0.96,19.43,3.8,293
1/13/2023,P002,L001,109,95,199,463,1,24.5,0,1.47,1.04,35.47,4.8,97
1/14/2023,P002,L001,142,182,199,157,5,42.96,1,1.39,0.84,28.48,3.6,134
1/15/2023,P005,L001,266,160,133,389,3,18.16,0,1.1,0.97,32.69,3,92
1/16/2023,P002,L003,210,73,95,350,1,28.76,1,1.03,0.87,16.85,3.6,293.0 units
1/17/2023,P005,L004,98,126,84,375,12,42.04,0,0.53,1.19,39.49,4.2,230
1/18/2023,P001,L002,273,71,120,149,3,17.21,0,0.75,1.02,48.22,3.8,
1/19/2023,P004,L001,290,35,51,457,14,14.39,1,0.96,1.07,20.87,4.1,134
1/20/2023,P005,L003,84,196,130,315,6,45.35,0,1.13,0.93,31.61,4.8,204
1/21/2023,P001,L003,221,52,184,493,14,23.72,0,1.06,0.84,53.87,4.8,68
1/22/2023,P002,L003,151,118,150,151,7,37.35,0,1.24,1.19,24.33,3.5,72
1/23/2023,P002,L002,267,152,122,370,8,11.01,1,0.78,0.91,36.37,3.9,164
1/24/2023,P001,L001,60,176,137,183,13,37.6,0,1.06,0.97,13.15,4.1,99
1/25/2023,P002,L004,148,80,170,486,11,22.64,1,0.59,1.06,36.88,4.9,228
1/26/2023,P001,L004,249,40,39,392,4,12.23,0,0.91,0.81,13.12,5,92
1/27/2023,P005,L003,159,41,38,225,3,34.39,0,1.25,1.12,53.12,3.5,148
1/28/2023,P005,L002,255,103,184,395,5,19.63,0,1.19,1.01,41.92,4.5,153
1/29/2023,P001,L002,123,37,63,171,9,25.47,0,1.49,0.91,45.26,3.8,165
1/30/2023,P005,L002,,181,158,395,13,13.22,1,0.78,0.82,41.39,3,100
1/31/2023,P005,L004,223,70,189,335,6,15.89,0,1,0.86,36.13,3,155
2/1/2023,P005,L003,,193,118,155,9,21.92,1,0.83,1.16,29.7,3.9,161
2/2/2023,P003,L001,52,114,122,459,6,13.59,1,0.94,1.07,48.49,4,246
2/3/2023,P004,L004,134,101,100,494,2,46.43,0,1.36,0.9,53.01,3,293
2/4/2023,P002,L003,,84,96,209,13,10.24,0,1.18,0.83,31.96,4.4,218.0 units
2/5/2023,P003,L003,121,166,177,291,5,29.35,1,1.38,1.08,51.85,3.6,121
2/6/2023,P005,L001,97,76,146,491,12,14.93,1,0.7,1.03,35.83,4.1,188
2/7/2023,P001,L001,243,172,123,192,11,22.31,0,1.37,0.96,33.77,3.6,
2/8/2023,P005,L001,247,133,192,449,9,47.04,0,0.56,0.95,29.91,3.3,280
2/9/2023,P004,L002,205,71,128,155,8,16.47,0,1.39,0.89,18.63,3.8,288
2/10/2023,P005,L001,166,89,142,159,7,48.63,0,0.83,1.07,9.17,3.5,
2/11/2023,P001,L003,270,41,132,237,1,18.23,0,0.81,1.19,20.11,4.1,262
2/12/2023,P004,L001,203,159,120,138,4,39.66,1,1.01,0.87,32.45,3.4,229
2/13/2023,P005,L003,202,36,119,127,12,31.87,0,1.44,1.04,26.48,4,200
2/14/2023,P004,L004,61,109,46,148,7,45.38,0,0.55,0.97,29.63,3.3,98
2/15/2023,P002,L002,,160,47,224,11,32.16,1,0.85,0.98,54.11,4.3,215
2/16/2023,P002,L004,275,138,145,112,7,31.38,0,1.36,0.9,25.11,4.5,96
2/17/2023,P005,L004,97,32,122,135,6,17.82,0,0.9,1.13,29.8,3.2,121
2/18/2023,P004,L003,86,56,120,200,8,16.65,1,0.7,0.99,15.14,3.9,56
2/19/2023,P001,L004,256,143,111,381,11,46.66,0,0.92,1.02,11.21,3.1,115
2/20/2023,P005,L003,93,136,97,185,13,23.11,1,0.89,0.92,44.67,4.2,271
2/21/2023,P002,L001,277,69,143,103,6,24.88,0,1.42,0.87,35.25,3.5,126
2/22/2023,P002,L001,,190,30,322,10,40.39,0,1.26,0.83,43.99,4.1,111
2/23/2023,P005,L003,92,158,87,437,3,23.55,0,1.01,1.09,15.89,4,264
2/24/2023,P004,L001,225,37,183,265,4,48.08,1,1.49,0.88,35.3,4.8,206
2/25/2023,P002,L002,136,130,138,482,14,39.52,1,0.97,1.08,20.67,4.1,87
2/26/2023,P004,L004,Error,189,177,443,3,33.9,1,0.56,0.96,19.49,4.2,174
2/27/2023,P002,L002,95,153,145,482,1,45.24,1,0.76,0.97,9.53,3.8,278
2/28/2023,P002,L004,291,136,116,475,10,11.98,0,0.94,0.99,15,4.9,133
3/1/2023,P003,L001,157,130,39,377,5,20.28,1,0.66,0.95,23.23,4.6,210
3/2/2023,P002,L002,172,33,88,229,1,28.6,1,1.45,0.84,14.38,3.6,78
3/3/2023,P001,L001,220,139,70,130,1,19.08,1,1.27,0.92,54.35,4.7,163.0 units
3/4/2023,P005,L004,286,48,134,474,2,39.76,0,0.77,1.07,23.2,3.9,128.0 units
3/5/2023,P005,L003,70,61,162,110,13,46.77,0,1.09,1.07,14.99,4.7,72
3/6/2023,P004,L003,200,166,151,401,4,26.95,1,1.22,0.91,18.16,4.6,155
3/7/2023,P002,L002,156,,174,195,6,23.69,1,1.44,0.98,36.03,3.4,180
3/8/2023,P001,L001,296,168,51,289,8,48.46,0,1.38,0.88,11.95,4.4,150
3/9/2023,P004,L001,,75,127,291,13,27.79,1,1.02,0.88,48.67,3.6,297
3/10/2023,P003,L002,96,148,198,365,3,29.56,1,1.27,0.81,53.23,3.6,270
3/11/2023,P004,L003,166,45,97,227,1,24.07,1,1.06,1.16,20.35,3.6,222
3/12/2023,P004,L004,173,158,168,337,3,46.38,1,1.05,0.88,29.7,4.5,57
3/13/2023,P002,L002,192,92,85,454,12,32.76,0,0.61,0.89,10.02,3.5,135
3/14/2023,P003,L004,74,138,178,211,3,40.49,0,0.63,0.91,38.47,3,166.0 units
3/15/2023,P004,L003,85,148,128,415,5,42.47,0,1.03,0.85,28.04,4.4,78
3/16/2023,P001,L001,252,50,105,442,11,23.67,1,0.77,1.06,21.42,3.3,51
3/17/2023,P001,L003,100,187,55,244,12,27.35,1,0.52,0.83,18.51,3.2,282
3/18/2023,P005,L002,64,42,144,164,12,43.94,0,1.22,0.85,39.09,3.5,162
3/19/2023,P003,L001,117,191,176,346,4,24.53,0,0.53,1.06,28.15,3.8,227
3/20/2023,P003,L002,70,33,138,322,13,41.76,0,1.1,0.94,17.26,4,
3/21/2023,P005,L002,190,185,76,412,4,47.64,1,1.04,1.08,40.7,3.1,114
3/22/2023,P004,L003,263,131,100,205,9,34.93,0,1.47,1.02,34.99,4.9,157
3/23/2023,P003,L002,68,88,183,280,7,39.67,1,0.98,0.9,48.5,4.4,69
3/24/2023,P001,L003,83,157,69,283,4,42.2,1,0.56,1.06,14.4,3.6,229
3/25/2023,P001,L001,127,56,162,325,3,43.8,0,1.05,0.85,45.14,3.6,262
3/26/2023,P002,L003,174,98,178,364,6,25.8,0,1.34,1.01,39.98,3.9,86
3/27/2023,P003,L001,245,54,161,377,3,12.05,1,1.5,0.97,14.29,4.3,121
3/28/2023,P004,L003,289,160,52,496,6,26.08,0,0.93,0.91,40.96,3.3,76
3/29/2023,P005,L004,166,126,135,188,11,36.95,0,0.82,1.04,29.31,3.4,224
3/30/2023,P005,L004,101,54,113,275,13,28.01,1,1.41,1.15,52.47,4.7,172
3/31/2023,P004,L002,287,177,172,117,11,39.96,1,0.69,1.2,15.51,3.5,276
4/1/2023,P002,L003,76,Unknown,145,470,13,24.28,1,1.12,1.04,38.57,3.8,183
4/2/2023,P005,L003,206,183,138,498,13,35.39,1,0.91,0.96,26.57,4.7,237
4/3/2023,P003,L001,288,155,165,205,12,17.46,1,0.54,0.89,53.01,4.3,94
4/4/2023,P002,L002,205,162,70,370,9,39.97,0,0.85,0.9,24.18,3.7,221
4/5/2023,P003,L003,84,,141,418,6,31.83,1,0.77,0.99,53.26,4.4,132.0 units
4/6/2023,P001,L002,,145,176,266,12,18.16,1,1.19,0.95,50.47,3,
4/7/2023,P002,L004,193,163,141,112,4,21.68,1,1.45,1.17,21.44,4.5,169
4/8/2023,P005,L003,155,89,132,436,5,39.94,0,0.77,0.95,45.96,4,114
4/9/2023,P002,L003,213,150,75,131,13,29.3,1,1.31,0.95,54.8,4.6,74
4/10/2023,P002,L002,207,168,185,492,6,18.64,1,0.56,0.95,20.62,4.9,76
4/11/2023,P002,L003,195,137,97,139,11,48.69,1,1.04,1.13,29.09,4.9,184
4/12/2023,P002,L002,51,137,151,247,3,38.61,0,0.57,1.06,32.93,4.8,221
4/13/2023,P003,L003,226,160,44,317,8,48.29,1,1.43,1.05,22.57,4,155
4/14/2023,P001,L001,,,194,318,4,27.08,1,1.27,0.93,9.7,3.7,206
4/15/2023,P004,L002,181,59,158,181,8,29,1,1.16,1.13,19.13,3.9,272
4/16/2023,P002,L003,139,50,140,432,10,45.92,0,1.32,0.82,21.97,4.4,93
4/17/2023,P005,L004,138,185,53,,10,31,0,1.15,1.15,29.41,4.8,156.0 units
4/18/2023,P002,L003,143,190,56,300,3,38.29,0,1.47,1.01,16.87,3.4,85.0 units
4/19/2023,P005,L004,252,192,69,431,10,20.09,0,1.21,0.96,49.17,4.8,196
4/20/2023,P003,L004,56,63,193,137,7,27.87,1,1.42,1,41.43,4.6,55
4/21/2023,P005,L001,144,70,53,310,11,14.94,1,1.02,1.07,12.92,5,202
4/22/2023,P004,L002,157,80,53,426,13,18.24,0,0.62,0.81,38.9,4.8,208
4/23/2023,P001,L003,123,111,33,348,12,10.04,0,1.03,1.15,39.07,3.6,58
4/24/2023,P005,L001,88,87,96,,9,11.57,1,0.63,0.98,52.99,3.2,261
4/25/2023,P005,L003,190,104,63,147,4,49.09,1,1.09,0.94,9.14,3.2,251
4/26/2023,P001,L004,208,52,145,117,8,19.69,0,0.98,0.86,20.4,3.6,214
4/27/2023,P004,L002,120,157,52,499,3,36.53,0,1.12,0.98,51.68,4.2,204
4/28/2023,P002,L003,240,179,138,394,7,43.56,0,0.51,1,51.88,4.6,62
4/29/2023,P005,L003,105,46,98,295,3,32.03,0,0.69,0.96,42.15,4.8,90
4/30/2023,P001,L004,290,98,124,,12,16.13,1,0.99,1.07,44.23,4.2,177
5/1/2023,P003,L003,219,137,91,444,7,39.12,0,1.45,0.97,13.21,3,115
5/2/2023,P001,L003,238,168,198,,14,34.01,0,0.88,1.18,32.64,3.4,291
5/3/2023,P003,L004,91,,86,417,11,39.25,1,0.92,1.04,19.65,3.2,134
5/4/2023,P004,L001,233,44,83,496,10,40.79,1,1.21,1.12,17.34,3.7,274
5/5/2023,P002,L004,85,120,99,464,10,49.02,1,1.1,0.84,46.27,4,73
5/6/2023,P001,L001,133,192,130,436,11,32.94,1,0.8,0.96,15.21,3.1,294
5/7/2023,P005,L002,245,62,86,328,11,23.67,1,0.91,0.93,30.56,3.7,93
5/8/2023,P004,L001,167,154,167,489,6,35.94,0,0.72,1.03,52.17,3.4,155
5/9/2023,P001,L001,56,45,197,176,2,12.74,0,1.47,1.14,17.55,4.3,147
5/10/2023,P005,L002,103,191,164,287,11,45.9,0,0.63,0.83,53.99,3.9,nan units
5/11/2023,P001,L001,178,95,132,445,3,14.78,1,0.87,0.83,54.74,4,58
5/12/2023,P003,L004,221,197,195,369,6,23.11,0,0.53,1.14,34.56,3.9,179
5/13/2023,P001,L001,169,185,114,194,14,42.63,1,0.72,0.89,16.83,4.9,296
5/14/2023,P001,L002,222,76,90,409,4,33.89,0,1.28,1.07,23.54,3.4,105
5/15/2023,P001,L004,155,196,32,231,6,25.75,0,0.7,1.02,28.53,4,207.0 units
5/16/2023,P004,L002,96,,157,138,1,28.94,1,0.58,1.13,23.23,4.5,71
5/17/2023,P001,L002,172,153,115,171,10,44.18,1,0.97,0.85,21.91,4.1,287
5/18/2023,P005,L003,190,30,76,380,12,23.6,0,0.51,0.85,53.72,4.9,252
5/19/2023,P003,L003,168,116,105,432,1,44.79,0,0.58,1.02,16.05,3.8,296
5/20/2023,P003,L002,199,,67,259,3,13.53,0,1.31,1.18,42.73,3.9,284
5/21/2023,P001,L002,167,96,193,286,8,41.07,0,1.27,0.97,9.02,3.2,130
5/22/2023,P004,L002,70,33,198,290,8,43.9,0,1.42,0.93,36.42,4.2,149
5/23/2023,P004,L003,263,182,170,219,11,17.27,1,1.35,1.04,51.13,3.6,62
5/24/2023,P005,L003,269,76,116,319,4,27.21,1,1.18,1.17,22.24,3.3,120
5/25/2023,P001,L001,186,67,87,152,6,16.62,1,0.55,1.13,17.53,4.1,65.0 units
5/26/2023,P003,L001,75,172,79,321,8,38.26,1,1.28,1.2,38.98,4.1,274
5/27/2023,P004,L002,58,50,59,230,7,31.41,0,1.35,0.81,41.78,3.2,94
5/28/2023,P001,L004,64,,130,336,11,35.41,0,1.3,0.85,40.65,4.4,114
5/29/2023,P004,L004,59,146,54,345,7,17.86,1,1.01,1.04,23.69,4.2,188.0 units
5/30/2023,P004,L003,265,75,141,325,13,18.47,0,0.73,1.13,20.6,3.4,119
5/31/2023,P003,L003,171,171,184,307,4,11.66,1,1.35,0.91,52.97,3.9,197
6/1/2023,P002,L003,170,174,155,195,9,22.88,0,1.23,0.9,51.47,4.4,148
6/2/2023,P005,L002,,68,152,299,12,32.39,0,1.48,1.11,30.04,4.1,285
6/3/2023,P005,L004,219,166,76,346,10,44.32,0,0.66,0.82,47.92,3.8,240
6/4/2023,P003,L001,121,128,147,171,6,36.68,1,0.73,0.95,29.81,3.6,150
6/5/2023,P004,L002,201,106,68,417,14,27.42,1,0.71,1,28.52,4.2,154
6/6/2023,P001,L001,257,144,45,284,12,48.12,1,1.29,1.02,16.21,4.9,267
6/7/2023,P004,L001,98,163,51,,11,38.77,1,0.69,1.09,28.61,4.3,299
6/8/2023,P003,L002,203,180,83,305,3,47.21,0,0.57,0.94,33.72,3.1,189
6/9/2023,P005,L001,140,120,178,131,5,31.1,0,1.5,1.05,10.04,3.9,239
6/10/2023,P004,L004,86,127,45,198,5,20.36,0,0.52,1.03,29.43,4.8,143
6/11/2023,P005,L001,117,149,88,493,14,12.11,0,1.34,1.02,44.94,3.2,269
6/12/2023,P001,L004,99,75,60,486,5,39.04,1,0.87,1.06,40.28,5,268
6/13/2023,P005,L004,201,67,199,355,8,14.85,0,1.34,0.9,38.22,4.9,91
6/14/2023,P005,L004,68,171,61,286,9,22.11,0,1.05,0.83,50.84,3.2,132
6/15/2023,P002,L003,149,129,191,175,13,31.3,0,1.4,0.85,9.83,4.9,246
6/16/2023,P002,L001,109,101,38,276,9,32.58,1,1.43,0.89,34.62,3.7,235
6/17/2023,P002,L002,216,64,168,414,13,34.02,1,0.51,1,45.22,4.7,182
6/18/2023,P005,L002,,176,39,386,6,16.65,1,0.58,1.14,33.9,3.8,154
6/19/2023,P003,L001,138,,46,448,6,25.19,0,0.75,1.08,23.9,3.9,204
6/20/2023,P005,L003,,107,97,354,9,34.69,1,1.17,1.12,15.27,4.3,77
6/21/2023,P003,L003,196,113,77,424,4,48.79,0,1.39,0.94,49.83,4.5,75.0 units
6/22/2023,P003,L004,213,,140,289,6,39.11,0,0.96,0.96,30.66,3.1,268
6/23/2023,P002,L001,251,54,182,407,4,46.9,0,1.11,0.96,49.39,4.2,165.0 units
6/24/2023,P004,L001,274,197,152,444,11,40.49,1,0.69,0.88,35.95,3.4,98
6/25/2023,P001,L002,232,117,178,226,1,33.67,1,1.3,0.82,40.01,3.7,283
6/26/2023,P002,L001,291,43,130,386,7,17.68,0,1.47,1.04,46,3.7,198
6/27/2023,P002,L003,118,183,131,353,14,36.67,0,0.77,1.2,39.32,3.9,50
6/28/2023,P004,L001,224,131,94,312,10,34.94,1,0.99,0.87,27.31,3.7,295
6/29/2023,P001,L002,98,179,80,349,11,34.1,1,0.59,0.82,32.63,3.2,141
6/30/2023,P005,L004,276,112,65,183,12,29.59,1,1.06,1.11,45.94,3.3,289
7/1/2023,P005,L002,157,139,110,482,6,31.15,0,1,0.9,26.19,3.1,299
7/2/2023,P002,L002,275,160,156,487,9,23.38,0,0.64,1.13,26.85,3.9,107
7/3/2023,P001,L004,210,199,117,112,7,30.77,0,0.94,1.08,13.4,4.9,128
7/4/2023,P002,L002,168,48,133,144,13,17.9,1,0.83,1.18,51.07,3.2,232
7/5/2023,P003,L002,198,57,44,226,7,42.21,1,1.02,0.96,13.19,4.9,130
7/6/2023,P002,L001,258,100,125,213,2,17.43,1,1.09,1.06,38.82,4.5,75
7/7/2023,P002,L001,199,92,196,375,12,13.4,0,0.51,0.99,28.01,4.3,261
7/8/2023,P005,L004,225,102,152,304,11,27.45,0,1.26,1.05,27.66,4.3,202
7/9/2023,P005,L001,86,153,30,436,9,36.33,1,1.21,0.98,40.26,4.7,126
7/10/2023,P005,L001,192,148,180,484,10,27.51,0,0.87,0.88,12.09,3.2,210
7/11/2023,P003,L002,,150,151,498,9,21.07,1,0.55,1,36.31,4,266
7/12/2023,P005,L003,269,48,196,372,6,32.33,0,1.25,1.01,44.51,4.4,121.0 units
7/13/2023,P001,L001,248,171,155,,13,23.88,1,1.46,1.12,47.1,4.2,118.0 units
7/14/2023,P004,L003,,149,86,427,3,47.31,0,0.74,1.09,16.84,4.7,55
7/15/2023,P001,L001,60,195,110,318,1,46.91,0,0.82,1.07,50.28,3.1,72
7/16/2023,P001,L001,187,90,191,208,4,30.09,1,0.68,0.85,39.18,4.4,293
7/17/2023,P005,L004,250,,198,378,14,23.12,1,1.08,1.09,49.57,4.1,207
7/18/2023,P004,L004,127,197,102,273,14,39.49,1,0.65,1,31.32,3.8,255
7/19/2023,P004,L004,126,59,170,427,3,11.47,1,0.86,1.16,33.93,3.7,103
7/20/2023,P004,L003,234,38,99,363,14,28.99,1,1.2,1.17,51.28,4.2,136.0 units
7/21/2023,P003,L002,,93,35,414,12,23.45,0,1.06,0.82,50.4,4.8,60
7/22/2023,P005,L001,51,190,113,210,1,46.82,1,0.89,1.13,29.62,4,208
7/23/2023,P004,L001,,149,81,,3,10.48,1,0.92,0.82,21.62,4.6,183
7/24/2023,P003,L001,84,81,32,368,14,32.11,1,1.06,0.95,27.09,3.8,60
7/25/2023,P002,L003,56,118,110,328,14,39.63,0,0.51,1.02,26.84,3.2,126.0 units
7/26/2023,P002,L004,134,171,92,255,4,29.4,1,0.58,0.86,22.2,3.1,61
7/27/2023,P003,L002,195,82,78,288,13,13.42,1,1.38,1.1,21.35,3.1,295
7/28/2023,P003,L003,116,107,105,371,13,48.9,1,0.58,0.8,48.61,3.8,243
7/29/2023,P005,L004,91,70,141,474,14,30.72,0,1.21,0.87,12.21,3.7,102
7/30/2023,P005,L003,167,97,138,101,8,34.57,0,1.42,1.03,40.17,4.4,148
7/31/2023,P002,L002,174,37,94,345,9,19.46,1,0.77,1.09,16.95,4.5,296
8/1/2023,P004,L004,216,31,110,309,3,29.34,0,0.87,1.17,24.85,3.1,85
8/2/2023,P002,L003,218,134,44,385,6,27.17,1,1.07,1.08,11.83,3.4,194.0 units
8/3/2023,P004,L002,290,154,129,458,10,13,0,1.38,1.07,21.42,3.5,77
8/4/2023,P004,L001,252,139,61,112,11,14.25,1,1.44,0.96,44.35,4.1,269
8/5/2023,P005,L002,280,115,125,195,5,43.5,0,1.24,0.8,49.71,3.3,199
8/6/2023,P001,L001,73,198,157,320,6,19.59,1,0.59,0.85,19.19,3.3,151.0 units
8/7/2023,P001,L003,237,149,175,337,4,17.8,1,1.17,1.01,30.32,4.9,56
8/8/2023,P003,L004,95,156,142,193,10,30.2,0,0.91,1.07,30.63,4.6,64
8/9/2023,P005,L004,68,45,112,,6,40.75,1,0.97,0.97,49.18,3.4,273
8/10/2023,P004,L003,117,91,72,368,7,12.48,1,0.55,1.09,44.09,3.8,188
8/11/2023,P001,L004,267,142,145,270,9,33.07,1,0.69,1.01,32.6,3.7,73
8/12/2023,P004,L004,151,187,192,193,10,14.77,1,1.29,0.83,39.85,4.6,
8/13/2023,P001,L001,91,41,107,248,7,11.46,0,0.95,0.88,47.98,4,79
8/14/2023,P001,L003,81,Unknown,87,211,6,12.11,1,0.8,1.14,9.44,3.3,247
8/15/2023,P001,L002,216,,62,154,1,43.37,0,0.88,1.09,27.53,4.5,299
8/16/2023,P005,L001,158,93,43,436,2,14.72,0,1.35,1.16,50.73,3.8,115
8/17/2023,P002,L003,287,79,191,215,1,11.81,0,1.25,0.85,43.05,3.5,110
8/18/2023,P004,L001,85,178,161,242,9,27.52,0,0.77,1.2,33.97,3.8,127
8/19/2023,P005,L002,281,98,88,300,10,43.76,1,0.62,0.88,33.36,4,90
8/20/2023,P005,L002,278,77,186,279,10,20.5,1,0.75,0.8,25,3.7,131
8/21/2023,P005,L003,146,49,112,301,9,26.87,0,1.42,1.2,32.94,3.5,100.0 units
8/22/2023,P005,L002,213,130,163,463,7,11.6,1,1.08,0.91,39.15,3.8,221
8/23/2023,P005,L001,180,,150,152,13,27.96,0,1.03,1.07,28.24,3,nan units
8/24/2023,P003,L002,122,166,197,483,2,33.1,1,1.1,0.87,41.85,4.5,62
8/25/2023,P004,L001,,97,112,,6,32.84,1,0.87,1.03,48.62,3.3,139
8/26/2023,P005,L001,146,64,56,412,11,23.3,1,1.31,1.16,16.12,3.1,285
8/27/2023,P004,L002,172,94,109,407,4,22.62,0,1.02,0.93,29.77,4.3,189
8/28/2023,P003,L003,119,37,163,236,1,14.26,0,0.62,1.07,27.77,4.5,131
8/29/2023,P003,L004,218,74,42,281,1,24.67,1,0.63,0.88,40.62,4.6,58
8/30/2023,P004,L002,280,116,93,466,12,13.98,0,1.04,1.05,20.49,4,290
8/31/2023,P001,L001,245,197,176,100,5,40.66,0,1.44,0.93,38.45,3.4,262
9/1/2023,P002,L001,62,105,109,143,12,48.65,1,0.81,0.88,49.36,4.5,97
9/2/2023,P001,L002,98,105,152,326,2,48.8,0,1.37,0.93,28.23,4.4,98
9/3/2023,P001,L003,109,76,72,430,4,44.6,1,1.26,0.87,50.91,3.5,102
9/4/2023,P001,L003,179,44,118,197,1,34.03,1,0.75,1.16,54.69,4.8,233
9/5/2023,P005,L001,237,134,177,307,4,38.03,1,0.54,0.96,13.88,3.2,89
9/6/2023,P003,L001,54,176,124,364,11,21.41,0,0.6,0.9,19.72,5,156
9/7/2023,P001,L003,221,,180,387,6,35.23,1,1.23,0.98,52.72,4.7,
9/8/2023,P003,L004,76,81,31,370,10,28.23,1,0.7,0.93,53.08,4.4,275.0 units
9/9/2023,P004,L002,209,122,149,239,4,29.28,0,0.87,1.1,13.49,4.9,249
9/10/2023,P002,L001,198,179,51,336,1,40.31,0,1,1.19,9.69,4.4,157
9/11/2023,P004,L001,57,50,144,491,7,21.28,0,1.23,0.98,16.41,3.4,294
9/12/2023,P004,L003,279,80,86,171,14,22.72,0,0.61,1.14,54.82,3.9,82
9/13/2023,P005,L002,249,67,101,,2,46.99,1,0.91,1.03,17.28,3.1,72
9/14/2023,P002,L003,99,49,36,289,9,12.25,0,0.99,0.86,32.12,3.8,126.0 units
9/15/2023,P004,L002,116,186,148,367,13,29.43,0,1.04,1.08,48.03,4.5,103
9/16/2023,P004,L002,295,161,143,420,3,46.51,0,1.32,1.01,9.94,3.8,102
9/17/2023,P002,L002,93,84,45,206,8,34.41,0,0.67,1.06,36.81,3.7,98.0 units
9/18/2023,P002,L001,174,121,112,331,13,31.86,1,1.31,1.16,21.74,4.2,255
9/19/2023,P004,L004,107,57,101,141,8,19.99,0,1.19,0.98,48.67,4.7,127
9/20/2023,P002,L003,,33,153,289,3,23.73,1,1.06,1.16,22.04,3.1,129
9/21/2023,P004,L004,135,179,142,470,4,44.08,0,1.2,1.1,40.59,3.8,226
9/22/2023,P004,L003,119,105,41,238,2,32.37,1,0.91,1,40.01,3.3,151
9/23/2023,P005,L002,179,96,155,202,4,30.59,1,0.64,1.04,19.19,4.4,171
9/24/2023,P001,L001,264,115,82,270,11,13.98,0,1.17,0.93,10.6,3.2,237
9/25/2023,P004,L004,221,,104,450,11,10.64,1,1.02,1.19,27.83,4.3,152
9/26/2023,P003,L001,51,120,162,372,11,48.55,0,1.14,1.07,22.3,3.6,139
9/27/2023,P001,L003,151,134,56,320,14,25.08,1,0.84,0.82,46.21,3.4,139
9/28/2023,P001,L001,258,30,169,312,9,34.13,1,1.41,0.93,45.82,4.9,242
9/29/2023,P001,L001,84,101,174,440,2,13.19,1,1.09,1.05,30.02,3,209
9/30/2023,P005,L004,147,116,163,155,12,37.32,0,0.59,0.82,36.9,3.9,170
10/1/2023,P004,L002,264,195,126,489,12,47.3,1,0.95,0.81,36.8,3,256
10/2/2023,P005,L001,79,35,34,441,13,33.03,0,1.26,0.98,47.05,4,293.0 units
10/3/2023,P004,L002,165,182,86,201,3,15.04,1,1.29,0.93,28.55,4,198
10/4/2023,P005,L003,57,174,185,291,11,33.27,1,0.99,0.98,21.67,3.6,195
10/5/2023,P005,L001,199,90,107,409,11,40.65,1,1.39,0.91,21.19,3.3,271
10/6/2023,P003,L004,93,41,98,299,4,26.26,1,0.77,0.87,33.66,3.8,109
10/7/2023,P005,L003,235,35,147,332,5,45.19,1,0.91,1.08,29.66,4.3,171
10/8/2023,P002,L003,85,56,149,326,1,35.95,1,1.4,1.01,29.25,4.6,190
10/9/2023,P003,L004,246,165,88,470,7,45.97,0,1.4,0.88,13.19,4.1,201
10/10/2023,P005,L001,126,153,62,238,14,34.94,0,1.19,0.93,42.06,4.2,79.0 units
10/11/2023,P001,L001,270,135,91,443,10,15.25,0,1.36,1.04,18.83,3.4,179
10/12/2023,P002,L003,80,122,79,404,7,22.39,1,0.59,0.83,18.06,3.6,132.0 units
10/13/2023,P002,L001,96,138,141,248,9,18.07,0,1.36,0.86,27.99,3.3,160
10/14/2023,P002,L002,298,128,48,214,4,46.35,1,0.82,0.83,19.48,3.5,157
10/15/2023,P003,L004,104,,152,162,14,40.42,0,0.68,1.12,35.86,3.4,
10/16/2023,P005,L002,257,171,76,203,14,37.06,0,0.74,1.1,26.09,4,74
10/17/2023,P005,L001,155,64,196,438,6,22.04,1,0.92,1.1,29.65,4.1,99
10/18/2023,P001,L003,239,113,62,458,11,17.36,1,0.75,1.09,33.71,4.9,63
10/19/2023,P001,L004,207,85,170,255,2,40.26,0,0.82,1.07,18.36,3.4,183
10/20/2023,P002,L001,170,170,113,372,12,28.97,0,0.63,0.99,16.16,4.3,125
10/21/2023,P001,L001,104,78,164,105,12,19.03,0,0.8,1.06,49.5,4.6,
10/22/2023,P003,L003,193,75,108,246,14,34.66,0,1.07,0.82,28.95,4.1,136
10/23/2023,P005,L003,61,142,43,283,4,11.61,1,0.94,1.05,27.96,3.5,207.0 units
10/24/2023,P002,L002,194,165,176,127,2,23.05,0,0.85,1.11,10.64,3.5,79
10/25/2023,P001,L004,193,72,157,137,10,28.74,1,1.25,1,31.91,3.1,215
10/26/2023,P003,L004,189,177,83,218,5,15.92,1,1.39,0.94,34.49,3.6,107.0 units
10/27/2023,P003,L003,185,153,177,392,7,49.39,0,1.26,0.91,34.71,4.5,143
10/28/2023,P001,L002,,126,58,470,13,18.36,1,0.83,1.06,41.52,3.1,90.0 units
10/29/2023,P005,L004,52,,53,343,1,15.21,0,1.24,1.08,17.16,3.4,143
10/30/2023,P001,L003,193,68,111,167,10,18.14,1,0.65,1.15,20.6,4.4,106
10/31/2023,P002,L001,79,114,92,313,10,40.76,1,0.63,0.94,46.29,4.6,299
11/1/2023,P001,L004,286,91,134,317,7,27.02,0,0.85,1.11,52.57,3.9,213
11/2/2023,P003,L002,,135,86,276,10,32.62,1,1.31,1.02,15.25,4.4,113
11/3/2023,P001,L002,141,136,165,398,13,10.84,1,0.75,1.15,31.89,3.8,290
11/4/2023,P005,L002,164,83,91,263,6,11.38,0,0.56,1.01,18.85,3.3,147
11/5/2023,P004,L001,153,155,186,157,6,27.83,1,0.63,1.01,11.76,3.8,65
11/6/2023,P001,L004,167,38,46,368,12,42.67,1,1.36,1.03,23.97,4.2,137.0 units
11/7/2023,P005,L004,54,117,95,407,8,45.41,0,1.13,1.1,15.61,4.9,127.0 units
11/8/2023,P005,L001,261,66,35,157,8,13.47,0,0.75,1.19,41.66,3.1,139
11/9/2023,P003,L004,153,78,87,387,6,31.53,1,1.06,0.83,33.55,4,121
11/10/2023,P005,L001,297,70,98,204,3,46.53,1,1.03,0.82,15.62,3.7,63
11/11/2023,P005,L001,157,46,185,327,5,25.52,1,1.16,1.18,9.43,4,80
11/12/2023,P005,L001,,117,91,346,2,43.18,0,0.73,1.01,46.18,3,115
11/13/2023,P005,L002,170,50,198,287,14,15.35,1,1.36,1.05,17.1,3.6,161
11/14/2023,P002,L004,79,,111,182,5,47.42,1,0.81,0.99,36.89,4.6,117
11/15/2023,P002,L001,198,88,198,285,14,40.06,1,1.19,0.84,24.5,4.1,242
11/16/2023,P003,L004,133,196,100,351,9,47.65,1,0.52,1.11,35.93,3.9,104
11/17/2023,P001,L002,247,,160,454,10,37.06,1,0.87,1.1,23.52,3.6,261
11/18/2023,P005,L001,199,68,39,337,1,24.54,1,0.85,0.92,13,3.6,172
11/19/2023,P001,L003,259,170,127,459,10,47.53,0,1.04,0.92,19.26,3.8,255
11/20/2023,P001,L002,249,40,118,283,5,21.02,0,0.57,1.14,17.65,4.7,217
11/21/2023,P003,L003,280,176,64,383,12,23.29,1,1.29,0.83,28.69,4.9,202
11/22/2023,P005,L004,81,168,31,484,6,38.03,1,0.72,1.15,39.28,3.9,74
11/23/2023,P005,L004,210,,153,309,14,40.61,0,1.18,0.9,21.14,3.8,180
11/24/2023,P004,L002,294,156,53,403,11,47.18,0,1.3,1.04,9.56,4.7,118
11/25/2023,P001,L004,65,75,103,395,7,18.19,0,1.06,1.17,32.87,3.9,151
11/26/2023,P001,L003,253,74,195,196,9,41.92,1,1.24,1.07,36.86,4.1,167
11/27/2023,P002,L001,87,,51,307,6,39.54,1,1.16,0.97,53.29,3.5,75
11/28/2023,P004,L001,293,197,183,469,5,12.55,1,0.86,1.08,36.12,4.5,89
11/29/2023,P002,L001,275,137,68,487,12,25.49,1,1.31,0.94,30.67,4.1,87
11/30/2023,P002,L002,191,48,186,236,7,21.31,0,0.79,0.91,35.38,4.6,215
12/1/2023,P002,L004,85,105,49,,13,22.18,0,1.07,1.2,51.68,4.6,245
12/2/2023,P003,L003,274,101,70,499,1,49.32,0,1.25,1.1,47.11,3.4,56
12/3/2023,P003,L004,,138,177,283,11,35.71,0,0.88,1.06,23.86,4.4,271.0 units
12/4/2023,P002,L004,163,41,137,175,14,38.71,1,0.8,0.94,19.91,4.6,207
12/5/2023,P004,L004,,190,176,386,5,49.06,1,0.96,0.82,21.08,3.7,169
12/6/2023,P001,L001,115,74,113,474,2,25.09,0,1.32,0.81,32.2,3.3,196
12/7/2023,P004,L003,154,119,140,241,4,42.07,0,1.43,1.02,43.23,3,280
12/8/2023,P005,L003,134,132,95,336,7,27.38,0,1.05,1.1,32.15,3.9,84
12/9/2023,P003,L004,51,37,187,124,5,44.78,0,1.16,1.01,12.12,3.7,281
12/10/2023,P001,L001,268,182,82,389,12,17.23,0,1.4,1.14,42.28,4.1,210.0 units
12/11/2023,P001,L001,298,120,63,166,6,47.91,1,0.6,0.81,46.07,3.4,210
12/12/2023,P005,L003,250,116,179,349,2,18.75,1,0.73,0.95,22.32,4.7,127
12/13/2023,P005,L001,242,187,96,217,3,23.05,0,1.21,0.89,39.55,3.5,87
12/14/2023,P002,L001,124,113,163,172,7,40.25,0,1.32,0.98,28.62,3.5,187
12/15/2023,P003,L001,116,111,56,381,11,25.75,0,1.36,0.83,49.9,4,234
12/16/2023,P003,L002,229,175,39,459,2,34.33,1,0.92,1.18,47.88,4,77
12/17/2023,P004,L004,239,97,102,109,12,27.78,1,0.59,0.89,33.17,3.4,255
12/18/2023,P002,L003,200,190,125,310,6,39.69,1,0.94,1.17,40.81,3.5,149
12/19/2023,P002,L003,203,156,77,422,5,19.13,0,0.73,0.97,49.63,3.3,87
12/20/2023,P002,L002,245,193,99,251,10,12.34,1,0.79,1.19,31.8,4.4,193
12/21/2023,P002,L004,259,111,129,104,1,22,0,1.27,1.02,23.41,4.5,173
12/22/2023,P003,L003,104,176,88,294,12,28.97,1,0.58,1.17,43.67,3.9,198
12/23/2023,P003,L001,55,185,31,382,11,16.72,1,1.33,0.8,19.12,4.4,141
12/24/2023,P002,L003,212,197,186,212,10,24.19,1,0.93,1.1,26.87,4.5,146
12/25/2023,P004,L001,199,113,94,370,11,26,0,1.1,1.16,48.82,3.3,55
12/26/2023,P001,L002,220,142,112,262,4,12.3,0,0.59,0.86,42.32,4.9,218.0 units
12/27/2023,P001,L001,192,105,183,204,11,33.33,1,0.84,0.84,27.58,4.6,176
12/28/2023,P004,L003,135,151,39,280,2,45.37,0,0.59,0.97,18.88,3.4,64
12/29/2023,P002,L003,109,172,82,143,4,16.07,0,1.46,1.17,25.37,3.4,157
12/30/2023,P003,L003,150,70,108,381,1,33.91,0,1.31,1.02,22.07,3.3,180
12/31/2023,P001,L002,293,196,88,274,2,36.59,0,0.96,1.01,17.1,3.3,92
1/1/2024,P005,L002,283,31,179,261,13,26.77,0,0.72,0.86,43.19,4.5,96
1/2/2024,P005,L004,61,58,77,450,8,38.04,0,1.43,0.8,20.6,3.9,148
1/3/2024,P004,L003,,134,178,439,6,26.43,0,0.84,1.12,29.89,4.6,63
1/4/2024,P002,L001,98,80,152,239,2,30.19,1,0.66,0.84,26.75,4.5,243
1/5/2024,P001,L002,91,104,51,231,12,10.29,0,1.06,1.05,54.18,4.2,206
1/6/2024,P002,L003,215,39,129,186,6,37.67,0,1.44,1.17,26.99,4.4,181
1/7/2024,P001,L003,131,171,127,275,10,36.45,1,0.5,0.88,12.68,3,203
1/8/2024,P004,L002,222,80,187,282,9,11.54,1,0.74,1.07,13.13,3.6,164
1/9/2024,P004,L004,84,147,54,467,7,24.73,1,1.44,0.83,36.17,4.3,189
1/10/2024,P005,L002,,150,57,228,9,49.16,1,0.67,1.04,36.57,3,51
1/11/2024,P002,L002,265,68,142,,5,26.83,0,0.61,0.87,28.26,3.1,194
1/12/2024,P005,L001,283,57,74,188,7,30.08,1,1.07,1.09,28.86,4.7,84
1/13/2024,P002,L001,207,32,97,165,11,46.4,1,1.36,0.92,11.48,4.4,59
1/14/2024,P005,L004,255,113,36,257,14,38.69,0,0.98,0.99,32.76,3.5,161.0 units
1/15/2024,P003,L003,,184,78,486,7,33.28,0,1.49,1.04,32.22,4.4,263
1/16/2024,P003,L002,116,146,166,477,12,41.91,0,1.18,0.87,15.88,4.6,282
1/17/2024,P003,L004,129,31,193,248,12,44.57,1,0.57,1.1,13.78,3.6,220
1/18/2024,P003,L001,56,122,112,439,3,28.28,0,1.49,0.92,14.68,3.1,70
1/19/2024,P001,L002,229,195,158,215,7,29,1,0.91,1.06,13.65,4.9,64
1/20/2024,P003,L003,63,160,167,,1,25.44,0,0.79,0.86,37.05,3.7,212
1/21/2024,P004,L001,122,173,193,471,9,48.67,0,1.06,1.08,18.04,3.2,161
1/22/2024,P004,L001,192,123,102,393,10,37.89,1,0.8,0.85,20.57,4,175
1/23/2024,P001,L001,198,69,75,352,13,13.33,0,0.59,0.97,16.98,4.5,134
1/24/2024,P003,L004,212,31,135,,6,44.52,0,0.5,0.9,53.06,3.4,134
1/25/2024,P003,L003,,110,189,,5,29.22,0,0.95,1.1,48.31,3.5,262
1/26/2024,P003,L002,140,198,61,465,7,12.75,0,1.34,0.9,19.6,3.5,237
1/27/2024,P005,L004,179,41,35,401,5,31.99,0,1.07,1.15,24.07,5,221
1/28/2024,P002,L004,212,192,195,,10,26.69,1,1.5,1.16,18.66,3.4,273
1/29/2024,P005,L004,259,94,174,376,5,45.11,1,0.79,0.88,31.63,4.2,296
1/30/2024,P002,L001,255,84,103,476,11,18.16,0,0.78,1.05,9.9,4.9,54.0 units
1/31/2024,P003,L003,69,74,143,477,10,43.06,1,0.66,0.84,39.88,3.3,280
2/1/2024,P003,L004,259,130,56,488,11,32.31,1,0.66,0.96,33.07,4.9,250
2/2/2024,P005,L002,59,91,83,169,7,12.18,1,0.79,1.09,50.34,4.9,166
2/3/2024,P005,L003,,78,192,212,10,48.87,0,1.29,1.06,16.56,4.8,195
2/4/2024,P002,L002,243,156,114,462,7,30.5,0,1.41,1.05,45.99,3.4,198
2/5/2024,P004,L003,74,182,156,211,13,21.64,0,1.48,0.91,45.43,4.3,121
2/6/2024,P002,L002,103,52,182,463,11,28.78,1,0.73,0.95,14.85,4.5,285
2/7/2024,P005,L001,82,181,185,402,3,44.31,1,1.38,0.84,27.33,5,293
2/8/2024,P005,L004,213,67,140,190,3,22.2,0,0.83,1.09,16.83,3.4,275
2/9/2024,P001,L002,144,57,44,117,10,17.71,0,0.61,1,20.72,4.5,123
2/10/2024,P005,L003,63,50,161,248,12,15.16,1,1.37,1.08,21.11,3.7,100
2/11/2024,P001,L004,114,136,122,326,13,21.91,1,1.14,0.9,34.59,3.4,218
2/12/2024,P004,L004,159,175,152,313,3,41.2,0,0.66,0.93,27.92,3.8,298
2/13/2024,P002,L003,129,193,102,459,6,28.87,1,0.93,0.93,52.6,4.6,73
2/14/2024,P002,L002,103,128,184,250,12,19.1,1,0.79,0.81,14.81,3.9,281
2/15/2024,P001,L001,287,148,183,291,6,16.65,1,1.24,0.94,53.79,4.1,201.0 units
2/16/2024,P002,L001,,102,176,139,13,23.31,1,0.95,1.12,19.61,5,297
2/17/2024,P005,L002,229,151,121,341,13,47.6,1,1.49,1.16,44.55,3.8,273
2/18/2024,P003,L004,180,,46,237,3,23.72,1,0.55,1.01,24.59,4.2,297
2/19/2024,P001,L004,276,137,72,444,3,49.52,1,0.86,0.98,15.58,3.7,274
2/20/2024,P002,L004,218,127,150,,8,29.41,0,0.98,0.81,48.46,3.8,87
2/21/2024,P001,L004,183,61,70,299,8,17.17,0,1,1.15,23.21,4.4,93
2/22/2024,P001,L002,74,185,199,,7,45.65,1,0.82,0.81,39.31,4.9,234
2/23/2024,P003,L004,190,108,197,160,10,28.41,1,1.23,1.18,35.06,4.1,297
2/24/2024,P005,L003,166,70,68,291,4,38.39,1,1.37,1,30.7,4.5,292.0 units
2/25/2024,P001,L004,275,92,142,104,4,49.35,0,1.44,0.94,31.81,3.2,236
2/26/2024,P002,L001,185,52,180,477,3,12.01,0,1.31,1.17,42.68,3.4,290.0 units
2/27/2024,P004,L004,198,133,140,336,5,13.87,1,1.35,0.81,13.04,4,211
2/28/2024,P001,L002,275,104,76,280,3,38.82,0,1.05,1.03,39.74,3,124
2/29/2024,P001,L001,245,77,92,410,13,21.27,1,1.33,1.02,50.21,3.5,144
3/1/2024,P003,L002,74,189,139,136,8,17.37,1,0.8,0.89,11.66,4,259
3/2/2024,P005,L002,128,86,98,155,7,11.57,1,0.9,0.97,15.47,3,72
3/3/2024,P004,L001,117,147,72,336,13,10.87,1,0.82,1.06,41.97,3.5,173
3/4/2024,P002,L002,222,129,63,457,3,40.98,1,0.97,1.09,29.11,4,135
3/5/2024,P004,L002,237,153,69,448,9,15.38,1,0.79,0.8,27.56,4.1,92
3/6/2024,P002,L004,61,190,90,296,12,28.71,1,1.46,1.17,15.3,4.9,259
3/7/2024,P005,L003,81,181,91,172,14,34.24,0,0.81,0.87,32.31,4.3,89
3/8/2024,P002,L002,177,196,87,158,13,27.13,1,0.6,0.89,14.82,3.8,96
3/9/2024,P003,L002,145,63,190,339,5,11.08,0,1.03,0.91,30.92,4.9,218
3/10/2024,P003,L002,141,185,104,101,9,41.34,1,0.56,0.82,44.13,4.6,224
3/11/2024,P003,L004,190,194,45,459,7,10.42,1,0.61,0.85,20.88,3.4,280
3/12/2024,P003,L003,80,36,111,287,7,40.48,0,0.72,1.19,31.12,3.3,69
3/13/2024,P004,L001,127,194,123,406,6,45.73,0,0.96,0.93,54.63,4.4,254
3/14/2024,P005,L004,69,85,77,129,2,27.31,1,0.93,0.85,40.59,4.1,158
3/15/2024,P002,L004,195,94,167,366,9,31.42,0,1.3,0.84,47.7,4.6,242
3/16/2024,P002,L003,270,76,111,207,6,29.08,1,1.24,1.09,28.08,4.5,293
3/17/2024,P003,L003,109,177,67,431,8,25.57,1,0.93,1.14,44.32,4.3,117
3/18/2024,P003,L004,240,48,156,189,1,45.5,0,0.83,0.9,10.86,5,73
3/19/2024,P001,L001,183,186,48,304,5,45.76,0,0.82,0.81,14.65,4.1,277
3/20/2024,P005,L004,209,175,193,478,12,23.43,0,1.27,0.89,18.34,3.2,85
3/21/2024,P004,L003,142,192,92,480,1,34.6,0,0.55,0.82,27.49,4.7,94
3/22/2024,P002,L001,92,155,106,319,10,47.08,1,0.51,0.84,47.9,3.5,179
3/23/2024,P001,L003,179,168,160,477,11,48.48,0,1.3,0.97,24.93,4.6,77
3/24/2024,P001,L001,109,78,131,193,14,30.36,0,0.98,0.89,39.11,4.9,203
3/25/2024,P002,L002,200,142,94,202,8,28.11,0,0.63,1.01,41.63,4.4,72
3/26/2024,P004,L003,260,67,149,,8,21.15,0,0.74,0.9,35.96,4.2,256
3/27/2024,P001,L003,80,93,120,285,1,48.35,0,1.43,1.18,25.43,3.9,213.0 units
3/28/2024,P001,L004,292,98,37,283,9,15.71,1,1.36,1.16,35.54,3.7,140
3/29/2024,P005,L003,54,165,102,261,2,33.19,1,1.21,1.03,24.74,3.7,183
3/30/2024,P004,L003,260,191,163,346,12,21.3,0,0.98,0.94,12.86,4.3,212
3/31/2024,P001,L002,211,145,136,130,9,21.16,0,1.02,0.95,54.67,4.5,152.0 units
4/1/2024,P004,L003,59,94,118,151,1,26.2,1,1.48,0.96,14.85,4.4,87
4/2/2024,P002,L002,138,60,68,444,12,49.95,0,1.47,1.09,12.33,3.4,212
4/3/2024,P003,L002,179,161,142,175,10,12.2,1,0.72,0.98,49.41,4,277
4/4/2024,P001,L002,175,142,57,484,14,33.14,1,1.31,1.14,22.88,4.6,251
4/5/2024,P005,L002,60,138,126,377,14,13.3,0,0.7,1.18,38.91,4,143
4/6/2024,P002,L001,227,98,66,139,9,16.18,1,0.71,0.93,24.13,4.1,102
4/7/2024,P004,L004,208,187,166,200,4,27.58,0,1.18,1.02,27.01,4.5,282
4/8/2024,P002,L001,105,149,111,210,9,30.42,0,0.91,0.84,21.06,4.3,87
4/9/2024,P001,L003,256,117,85,484,7,20.35,1,1.43,0.88,24.78,3.8,270
4/10/2024,P004,L001,250,96,114,420,11,22.66,1,0.59,0.97,27.89,4.8,293
4/11/2024,P003,L001,264,104,31,348,6,13.48,0,1.01,0.88,42.14,3.3,236
4/12/2024,P002,L003,132,74,87,290,5,22.13,1,1.42,1.15,32.53,5,92
4/13/2024,P001,L003,186,,136,281,11,48.66,0,1.4,0.86,52.4,3.2,
4/14/2024,P005,L003,148,183,152,434,9,47.79,1,0.66,0.98,10.93,3,163
4/15/2024,P004,L001,198,184,197,308,2,23.4,1,0.87,1.04,32.14,4.8,53
4/16/2024,P002,L001,122,,193,121,14,32.83,0,1.12,1.08,35.87,3.5,54.0 units
4/17/2024,P002,L003,205,80,143,265,13,46.38,0,0.66,0.95,51.33,4.5,117
4/18/2024,P003,L004,239,79,136,198,11,10.25,0,1.47,1.15,11.26,4.6,277
4/19/2024,P003,L004,287,35,66,307,14,42.43,1,1.41,1.03,35.38,4.7,172
4/20/2024,P005,L002,164,88,108,107,12,47.93,0,0.67,0.98,48.27,5,222
4/21/2024,P005,L003,56,154,121,289,2,13.65,0,0.62,0.83,20.13,3.6,129
4/22/2024,P001,L002,129,172,47,274,11,16.46,1,0.59,0.99,49.31,4.4,202
4/23/2024,P001,L004,193,59,127,372,12,48.43,1,1.41,1.13,9.88,3.2,255
4/24/2024,P005,L002,146,199,92,116,9,31.5,0,0.69,1.05,42.69,3.8,60
4/25/2024,P005,L003,53,151,179,189,12,10.57,0,0.92,1.13,51.92,4.7,206
4/26/2024,P004,L003,53,154,168,240,3,20.31,0,0.95,1,39.23,3.7,211
4/27/2024,P003,L003,152,66,33,244,8,28,0,1.1,0.85,29.2,4.2,263
4/28/2024,P001,L001,89,199,164,265,11,37.72,1,0.57,0.81,11.06,4,191.0 units
4/29/2024,P003,L002,66,153,90,436,9,39.33,1,0.73,0.92,51.33,4.3,169
4/30/2024,P003,L004,150,130,136,177,8,49.82,0,1.43,1.08,30.63,4.9,
5/1/2024,P005,L004,152,64,83,361,4,21.5,0,1.41,1.12,10.33,3.1,236
5/2/2024,P004,L004,173,116,117,262,12,31.53,0,1.28,0.92,40.73,4.1,216
5/3/2024,P002,L001,101,Unknown,97,465,1,31.33,1,0.52,1,31.16,4.7,75
5/4/2024,P004,L001,270,47,158,113,4,26.23,0,0.83,0.97,14.72,4,220
5/5/2024,P004,L003,101,142,84,338,14,16.77,0,1.13,0.96,18.86,3.2,
5/6/2024,P003,L004,213,58,32,171,9,49.1,1,0.78,0.89,11.97,4.1,216
5/7/2024,P004,L001,173,106,195,242,2,44.13,1,1.41,0.85,35.42,3.7,238
5/8/2024,P001,L003,215,88,150,409,3,29.93,0,1.13,0.88,37.61,3.3,193
5/9/2024,P003,L004,280,155,158,382,10,34.13,0,0.57,0.82,32.26,4.7,171.0 units
5/10/2024,P001,L002,227,174,131,368,8,19.09,1,1.41,0.88,46.59,4,279
5/11/2024,P002,L003,,138,67,340,6,31.75,0,1.46,0.8,48.61,4.9,108
5/12/2024,P003,L001,278,51,114,344,8,37.8,0,0.58,1.05,37.32,4.6,145
5/13/2024,P002,L001,165,97,186,262,7,30.61,1,1.03,0.93,9.59,4.4,
5/14/2024,P003,L003,240,98,162,159,14,49.61,1,0.8,1.19,40.98,3,147.0 units
5/15/2024,P005,L003,111,194,121,105,13,34.45,1,0.89,0.88,28.23,3.9,105
5/16/2024,P004,L001,276,78,50,296,13,24.84,0,0.68,0.94,35.02,3.4,185
5/17/2024,P005,L002,56,170,138,157,5,40.89,1,1.08,0.94,38.86,4.8,143
5/18/2024,P002,L004,,191,76,404,9,16.82,1,1.46,0.8,25.11,3.3,76
5/19/2024,P004,L002,141,138,113,316,4,25.38,0,1,1.14,51.19,3.6,248
5/20/2024,P003,L003,263,115,112,125,6,23.88,0,0.58,0.81,15.16,4,204
5/21/2024,P004,L002,63,Unknown,64,402,2,27.27,1,1.12,1.18,39.89,3.5,
5/22/2024,P001,L001,248,152,98,104,2,41.27,1,0.84,1.16,9.2,3.4,169
5/23/2024,P004,L003,278,116,158,119,2,29.37,0,1.36,1.01,51.53,4.2,223
5/24/2024,P001,L004,135,160,169,489,10,41.76,0,0.93,1.02,14.18,3.2,218
5/25/2024,P004,L001,182,71,56,297,7,33.06,1,0.69,1.06,13.36,3.1,256
5/26/2024,P001,L001,232,127,85,158,13,23.68,1,0.69,0.95,24.32,3.7,74
5/27/2024,P002,L004,179,189,52,341,2,42.4,0,1.27,1.06,26.18,4.4,135
5/28/2024,P005,L004,111,138,182,245,12,19.53,1,0.77,0.82,18.86,4.1,195
5/29/2024,P003,L002,268,80,50,487,13,18.98,0,1.27,0.82,35.92,3.8,61.0 units
5/30/2024,P004,L003,198,114,90,372,2,30.18,1,0.71,0.98,29.37,4.1,136
5/31/2024,P005,L004,295,156,92,348,9,20.43,0,0.82,1.02,10.57,3.7,228.0 units
6/1/2024,P003,L004,279,50,151,113,7,10.36,0,0.97,1.16,23.7,4.9,158
6/2/2024,P003,L003,128,73,81,,11,35.93,1,1.44,0.84,46.28,3.1,216
6/3/2024,P001,L004,198,168,117,490,3,30.44,1,1.43,1.13,40.73,4.3,138
6/4/2024,P002,L004,187,132,182,483,3,27.82,0,0.71,0.88,42.34,4.8,59
6/5/2024,P002,L002,264,97,84,143,7,48.68,1,0.86,0.96,41.11,4.6,271
6/6/2024,P005,L001,107,158,75,474,5,32.85,1,0.65,0.93,23.3,3.4,123
6/7/2024,P002,L001,169,121,61,498,10,44.54,1,1.01,0.96,13.58,3.6,275
6/8/2024,P004,L001,216,53,84,118,14,15.58,0,0.96,0.86,21.53,4.4,287
6/9/2024,P002,L001,182,154,125,,14,32.77,1,1.4,1,47.26,3.2,
6/10/2024,P005,L004,114,170,162,338,6,44.72,1,1.43,1.12,54.1,4.6,103
6/11/2024,P002,L003,62,140,65,436,13,33.32,0,0.88,0.98,31.72,4.4,206
6/12/2024,P004,L003,262,127,139,199,12,38.72,1,0.99,1,9.45,4.5,151
6/13/2024,P001,L002,267,168,135,262,8,24.88,1,1.4,1.14,15.44,3.2,218
6/14/2024,P005,L002,291,46,87,221,9,13.7,0,1.31,1.08,23.82,4.4,286
6/15/2024,P001,L004,286,128,68,143,1,28.32,0,0.5,1,35.61,4.4,
6/16/2024,P001,L003,262,111,109,459,3,25.78,1,0.82,0.9,12.45,4.7,240
6/17/2024,P001,L003,230,133,126,416,11,44.68,1,0.92,1.15,52.39,3.1,254
6/18/2024,P003,L001,131,,142,480,7,19.76,0,0.73,1.03,25.79,3,214
6/19/2024,P003,L004,278,48,90,244,6,48.67,0,0.7,0.89,50.98,3.7,191
6/20/2024,P001,L004,222,194,166,426,7,48.33,1,0.54,0.91,44.9,3.3,
6/21/2024,P005,L001,,114,35,462,8,19.91,1,1.14,1.12,43.75,4.1,122
6/22/2024,P004,L004,213,37,138,149,6,23.92,1,0.76,0.82,36.91,4.8,121
6/23/2024,P004,L004,258,,64,164,3,45.82,0,0.55,1.2,37.83,3.8,216
6/24/2024,P002,L002,276,34,68,454,2,48.66,1,0.73,0.85,38.35,4.7,217
6/25/2024,P005,L003,290,174,179,387,12,27.74,0,1.3,1.12,37.92,3,
6/26/2024,P003,L004,237,130,198,263,7,22.84,0,1.35,0.96,34.47,3.3,52
6/27/2024,P001,L002,188,,147,240,12,31.04,0,0.98,1,54.38,3.1,232
6/28/2024,P002,L003,240,147,34,413,12,37.51,1,0.92,1.15,42.69,3.7,297
6/29/2024,P004,L001,198,176,199,227,12,20.94,1,1.48,0.97,44.74,4.8,160
6/30/2024,P003,L002,101,93,116,497,11,39.46,1,0.7,1.01,49.13,3.2,281
7/1/2024,P003,L002,232,120,105,467,1,12.07,0,0.72,0.82,18.92,4.2,210
7/2/2024,P001,L003,166,146,187,338,3,11.97,1,0.79,0.8,12.85,3.9,145
7/3/2024,P004,L001,75,127,86,423,12,25.45,0,0.67,0.9,31.21,4.9,120.0 units
7/4/2024,P005,L002,,40,156,395,11,24.14,0,0.88,1.07,32.65,3.2,68
7/5/2024,P003,L004,83,83,58,286,4,22.63,0,1.41,0.85,47.14,3.4,83
7/6/2024,P001,L004,101,76,194,307,13,29.64,0,1.12,0.85,29.41,3.1,
7/7/2024,P005,L004,161,169,116,319,14,22.83,0,0.91,0.96,35.26,3.9,99
7/8/2024,P004,L001,,178,170,,1,17.69,0,1.43,1.06,33.25,3.6,224
7/9/2024,P003,L002,281,168,189,289,5,22.38,1,0.55,1.08,10.76,4.7,95
7/10/2024,P005,L004,276,34,75,487,10,49,0,0.71,0.87,37.3,4.2,233
7/11/2024,P005,L001,282,49,145,445,3,26.44,1,1.07,0.83,47.09,4.2,
7/12/2024,P005,L004,270,198,141,383,2,27.79,0,1.12,1.18,16.25,4.1,132
7/13/2024,P003,L003,,75,180,451,3,33.06,1,0.54,0.9,36.34,3.2,
7/14/2024,P003,L002,206,41,74,336,8,49.33,1,0.9,1.14,36.31,3.9,103
7/15/2024,P002,L002,215,99,174,293,6,19.66,1,1.15,1.15,16.55,5,139
7/16/2024,P004,L001,91,46,133,386,13,37.25,1,1.2,1.11,14.68,4.7,130
7/17/2024,P001,L001,70,144,114,358,14,38.64,0,1.14,0.87,54.08,4.8,167
7/18/2024,P005,L002,91,176,163,345,7,34.29,0,0.82,1.13,27.11,4.6,205.0 units
7/19/2024,P002,L004,190,183,137,235,12,13.54,0,0.59,1.11,19.46,3.2,68
7/20/2024,P001,L004,162,,47,379,6,37.07,0,0.93,1.04,16.88,3.5,76
7/21/2024,P002,L003,154,,123,370,6,12.56,1,0.63,0.93,39.71,3,225
7/22/2024,P003,L004,241,81,179,270,12,33.85,1,1.45,0.91,37.03,3.6,293
7/23/2024,P005,L001,66,125,62,258,3,39.58,1,0.98,0.85,38.6,3.2,298
7/24/2024,P001,L001,169,99,187,300,12,18.44,0,0.82,1,13.05,3.9,196
7/25/2024,P001,L004,186,131,155,144,13,43.66,1,1.27,1.03,50.1,4.4,274
7/26/2024,P001,L001,218,,189,363,14,11.21,0,1,0.94,26.91,4.7,
7/27/2024,P001,L002,178,190,199,170,8,43.75,1,0.81,0.99,23.41,4.5,56
7/28/2024,P001,L002,179,180,151,463,12,28.41,1,1.31,0.95,30.27,4.9,206.0 units
7/29/2024,P002,L004,109,172,167,470,7,18.7,1,1.37,1.06,26.94,3.1,296
7/30/2024,P005,L002,97,184,144,202,7,15.35,1,1.17,1.16,48.72,3,220
7/31/2024,P003,L002,78,111,193,224,6,48.13,1,0.55,0.87,51.75,4.3,118
8/1/2024,P003,L003,146,121,191,412,5,12.91,0,1.07,0.95,22.96,3.6,
8/2/2024,P003,L003,59,33,57,385,10,17.96,1,1.26,0.86,48.74,3.5,162
8/3/2024,P003,L002,291,164,40,329,8,23.91,0,0.64,1.05,44.95,3.7,156
8/4/2024,P002,L004,,138,196,245,5,34.81,0,0.73,1.09,51.82,3.5,169
8/5/2024,P004,L003,237,192,76,469,9,31.79,0,1.38,1.17,20.3,4,235
8/6/2024,P005,L001,281,77,156,296,9,15.03,0,0.52,0.91,35.54,3.9,
8/7/2024,P001,L001,70,102,176,472,1,21.59,0,1.25,1.18,21.63,4,219
8/8/2024,P004,L001,77,101,147,320,6,19.55,0,0.97,0.83,46.91,4.3,253
8/9/2024,P003,L004,252,145,172,,7,18.54,0,0.95,1.04,9.24,3.8,91.0 units
8/10/2024,P004,L002,296,110,155,197,3,26.45,0,0.51,0.82,34.98,3.5,62
8/11/2024,P005,L001,83,110,185,,7,38.16,1,1.32,1.16,24.6,3.3,203
8/12/2024,P001,L004,57,142,181,,11,18.7,1,0.86,1.01,23.84,3.7,67
8/13/2024,P001,L003,236,125,101,272,11,24.67,0,1.04,1.07,38.67,4.5,91
8/14/2024,P005,L002,263,101,136,250,7,25.64,0,1.18,1.13,48.17,4.5,100
8/15/2024,P005,L003,249,176,166,449,14,49.06,0,1.2,0.86,37.02,4.3,
8/16/2024,P003,L004,226,92,62,489,13,48.19,1,1.46,0.82,48.25,3.5,162
8/17/2024,P001,L001,128,,48,221,11,42.01,1,1.03,1.15,21.17,4.2,261
8/18/2024,P004,L001,194,96,103,207,2,19.67,0,0.9,0.93,32.9,4.1,193.0 units
8/19/2024,P002,L004,237,98,197,103,7,12.72,0,1.45,0.85,29.72,4,150
8/20/2024,P002,L001,136,42,186,192,1,22.68,1,1.14,0.99,9.54,4.1,
8/21/2024,P005,L002,137,60,127,105,5,20.67,1,0.8,1.04,34.61,4,268
8/22/2024,P003,L004,222,143,170,387,9,30.24,0,0.63,0.81,39.43,4.1,128.0 units
8/23/2024,P002,L003,260,51,158,205,7,41.11,0,1.34,0.91,36.23,4.4,299
8/24/2024,P001,L004,118,122,191,245,7,44.33,0,0.86,0.81,42.87,3.2,147
8/25/2024,P005,L002,209,96,122,370,11,43.79,0,1.16,0.97,35.28,4.5,
8/26/2024,P004,L002,221,83,77,477,13,24.39,1,0.97,1.16,12.07,3.3,199
8/27/2024,P005,L004,,,93,,12,37.49,1,0.7,1.19,14.36,3.1,281.0 units
8/28/2024,P004,L004,136,71,90,328,2,22.51,0,1.1,1.05,36.44,5,72
8/29/2024,P005,L001,150,93,186,301,8,12.44,0,0.56,0.86,21.65,4.9,108
8/30/2024,P005,L002,57,155,68,311,3,38.06,0,0.91,1.16,12.66,3.1,239
8/31/2024,P005,L004,126,50,157,105,8,10.39,1,1.05,1.01,28.76,3.9,162
9/1/2024,P004,L004,249,198,117,211,3,26.37,0,0.94,0.86,34.5,3.4,117
9/2/2024,P004,L002,298,181,55,475,10,23.18,0,1.25,1.17,24.12,4,
9/3/2024,P005,L004,136,64,46,478,7,37.74,0,1.33,1.1,42.14,4.7,103
9/4/2024,P002,L001,92,,100,422,2,40.65,1,1.27,1.09,38.61,4.9,106
9/5/2024,P003,L002,178,86,42,,4,22.16,0,0.54,1.08,24.31,4.3,282
9/6/2024,P003,L001,158,76,98,,11,42.47,1,0.69,0.88,43.72,3.7,200
9/7/2024,P003,L001,228,192,55,398,6,21.76,0,1.04,0.88,38.84,4.2,160
9/8/2024,P004,L001,201,48,78,195,11,27.85,0,1.43,1.08,38.32,3.6,109
9/9/2024,P004,L001,276,143,36,487,9,39.08,0,1.33,0.89,34.46,4.8,122
9/10/2024,P002,L002,201,37,87,436,5,37.72,1,1.34,0.98,9.52,4.7,
9/11/2024,P003,L001,66,55,78,396,13,49.49,0,0.8,1.11,41.04,4.1,262.0 units
9/12/2024,P003,L001,182,142,132,488,9,19.01,0,0.93,1.11,26.3,3.6,282
9/13/2024,P005,L004,197,100,82,313,5,36.49,1,0.97,0.98,52.36,3.6,287
9/14/2024,P004,L002,70,59,91,390,10,34.39,1,0.66,1.12,46.63,3.1,104
9/15/2024,P003,L002,281,164,46,121,8,46.6,1,0.53,1.14,36.03,4.6,166.0 units
9/16/2024,P002,L003,107,96,54,292,13,16.25,0,1.45,1.06,20.6,3.9,257
9/17/2024,P002,L002,208,94,160,249,13,40.07,1,0.74,0.89,18.37,3.7,112
9/18/2024,P003,L002,159,65,58,467,1,32.73,0,0.74,0.91,24.66,3.9,233
9/19/2024,P004,L003,,54,146,346,7,20.99,1,0.58,0.93,30.92,4.6,104
9/20/2024,P002,L002,188,66,189,366,4,28.98,1,1.43,0.85,22.62,3.2,74
9/21/2024,P005,L002,229,30,55,350,5,23.35,1,1.08,0.91,32.69,4.7,75
9/22/2024,P002,L002,192,172,153,102,6,33.17,0,1.17,0.88,16.61,4.8,
9/23/2024,P001,L002,260,66,173,492,5,45.56,0,1.41,0.98,53.97,4.9,112
9/24/2024,P001,L003,,170,54,415,12,32.77,0,0.85,1.16,13.96,3.8,222
9/25/2024,P004,L002,292,165,83,,1,35.27,0,1.12,0.84,51.87,3.4,122
9/26/2024,P003,L002,77,162,185,186,12,30.75,0,0.54,1.09,51.02,3.7,128
